id,customer_id,nps_rating,total_order,total_returns,return_per,avg_delivery_time,Rto,Net_Delivery,Net_Delivery_%,RTO_per,CSAT,Avg resolution time ( Days),Packaging Rating(1 to 5),Gender,City Tier 1/Teir 2/ Tier 3,Search Results Quality Rating (1 to 5),ease of App usage ( 1 to 5),ease of payment,Price Satisfaction,"CHURN 1= churn, 0 retained"
353,57193,1,22,9,0.41,4,1,12,0.55,0.05,0.07,1,3,M,2,3,1,5,1,1
1135,102845,1,3,0,0.00,20,0,3,1.00,0.00,0.46,2,2,M,3,1,3,1,4,1
94,154358,1,18,7,0.39,18,0,11,0.61,0.00,0.10,8,5,F,3,1,3,1,2,1
990,236560,1,15,7,0.47,13,2,6,0.40,0.13,0.08,15,5,M,3,1,3,3,4,1
797,369722,1,1,1,1.00,10,0,0,0.00,0.00,0.06,8,3,M,2,1,1,2,1,1
957,417123,1,29,7,0.24,11,3,19,0.66,0.10,0.15,14,2,M,1,5,1,3,1,0
547,562744,1,9,6,0.67,6,1,2,0.22,0.11,0.00,12,1,M,1,3,4,2,1,1
355,666162,9,77,3,0.04,2,8,66,0.86,0.10,0.28,6,3,F,3,1,2,2,5,0
14,821405,9,12,0,0.00,2,2,10,0.83,0.17,0.47,1,3,M,2,2,5,1,3,0
128,866760,9,133,11,0.08,2,34,88,0.66,0.26,0.02,10,5,M,2,2,3,3,3,0
1020,927878,9,42,29,0.69,4,0,13,0.31,0.00,0.80,14,5,F,2,1,1,5,2,0
987,1052462,9,71,2,0.03,4,9,60,0.85,0.13,0.08,2,2,F,2,1,3,2,5,0
665,1061694,9,28,3,0.11,7,4,21,0.75,0.14,1.29,5,3,M,2,3,2,4,3,0
142,1109193,9,60,5,0.08,7,11,44,0.73,0.18,0.09,11,3,F,2,1,2,2,2,0
53,1184586,9,72,4,0.06,7,17,51,0.71,0.24,0.04,2,3,F,3,1,3,1,2,0
508,1203620,1,4,3,0.75,15,0,1,0.25,0.00,0.03,4,5,M,2,2,3,3,2,1
637,1226571,1,3,0,0.00,15,0,3,1.00,0.00,0.75,7,3,M,2,2,1,2,3,1
338,1228728,1,1,1,1.00,14,0,0,0.00,0.00,0.07,4,2,M,3,5,3,1,1,1
678,1254033,1,24,13,0.54,7,4,7,0.29,0.17,0.29,6,2,M,3,5,1,1,1,1
689,1385228,1,19,3,0.16,6,1,15,0.79,0.05,0.02,9,2,M,2,1,2,4,1,0
389,1505404,1,6,3,0.50,14,0,3,0.50,0.00,0.00,5,1,M,1,5,3,5,1,0
1083,1513400,1,28,20,0.71,16,12,-4,-0.14,0.43,0.01,13,1,M,2,2,2,1,2,1
950,1740179,1,15,7,0.47,9,1,7,0.47,0.07,0.08,8,2,M,2,4,3,4,1,0
155,1846960,1,1,1,1.00,20,0,0,0.00,0.00,0.06,5,2,M,1,4,4,3,1,0
220,2335973,1,11,4,0.36,12,3,4,0.36,0.27,0.17,2,4,M,2,1,2,3,1,0
1070,2360903,2,16,2,0.13,20,5,9,0.56,0.31,0.11,15,1,M,2,2,5,5,1,0
1012,2390050,2,23,0,0.00,20,6,17,0.74,0.26,0.13,12,1,M,2,3,5,3,1,0
491,2480628,2,23,17,0.74,20,1,5,0.22,0.04,0.01,3,2,M,1,1,2,1,1,1
154,2534178,2,30,8,0.27,8,8,14,0.47,0.27,0.30,0,3,M,2,1,2,5,2,0
428,2605710,2,17,4,0.24,19,6,7,0.41,0.35,0.34,2,1,M,2,5,3,1,2,0
995,2735000,2,5,1,0.20,19,1,3,0.60,0.20,0.12,5,3,M,1,2,3,5,2,0
811,2781048,2,22,3,0.14,9,3,16,0.73,0.14,0.03,0,4,M,2,1,5,1,2,0
210,2919328,2,11,7,0.64,17,2,2,0.18,0.18,0.11,2,5,M,2,4,3,2,2,1
44,3029988,2,36,10,0.28,4,0,26,0.72,0.00,0.09,8,1,M,2,3,4,3,2,0
439,3058945,2,10,6,0.60,9,0,4,0.40,0.00,0.07,2,5,M,1,4,2,2,1,1
31,3178466,2,18,4,0.22,4,2,12,0.67,0.11,0.01,2,4,M,1,3,2,2,3,0
386,3279527,2,24,17,0.71,4,2,5,0.21,0.08,0.24,13,5,M,2,5,4,3,1,1
1106,3356763,2,22,15,0.68,17,3,4,0.18,0.14,0.01,4,5,M,2,5,2,1,3,0
458,3738035,2,31,21,0.68,16,0,10,0.32,0.00,0.04,2,1,M,2,5,2,4,2,1
216,3999083,2,16,8,0.50,19,0,8,0.50,0.00,0.06,6,3,M,2,1,2,3,3,0
465,4118912,2,41,8,0.20,8,12,21,0.51,0.29,0.04,2,5,M,2,4,2,1,4,1
721,4119295,2,25,24,0.96,15,0,1,0.04,0.00,0.13,13,3,M,1,2,4,3,4,1
940,4146076,2,47,22,0.47,16,6,19,0.40,0.13,0.26,6,3,M,2,5,4,5,3,0
176,4322169,9,33,12,0.36,6,6,15,0.45,0.18,0.25,5,4,M,2,5,1,2,2,0
976,4478326,9,119,5,0.04,3,28,86,0.72,0.24,0.12,9,2,F,2,3,2,3,4,0
558,4479125,9,139,1,0.01,4,6,132,0.95,0.04,0.18,2,2,F,2,2,3,3,1,0
849,4526363,9,130,5,0.04,6,5,120,0.92,0.04,0.13,11,2,M,2,3,2,1,3,0
625,4783985,9,16,5,0.31,3,2,9,0.56,0.13,0.03,4,3,M,3,5,5,1,4,0
1090,4969994,9,59,33,0.56,4,5,21,0.36,0.08,0.08,15,3,M,2,5,5,2,3,0
211,4989843,9,147,3,0.02,8,34,110,0.75,0.23,0.08,0,5,F,2,4,2,4,3,0
559,5016717,9,116,4,0.03,2,3,109,0.94,0.03,0.02,7,5,F,2,5,2,4,5,0
805,5101818,9,49,36,0.73,8,2,11,0.22,0.04,0.09,1,2,M,3,2,3,2,5,0
252,5103159,9,75,4,0.05,4,2,69,0.92,0.03,0.15,10,1,F,2,4,5,1,2,0
391,5169855,9,87,5,0.06,3,5,77,0.89,0.06,0.10,11,2,F,2,1,3,1,5,0
325,5248956,9,126,4,0.03,8,24,98,0.78,0.19,0.21,11,3,M,3,3,3,1,3,0
245,5309786,9,120,5,0.04,2,31,84,0.70,0.26,0.37,2,3,F,2,4,4,1,5,0
405,5341661,9,13,4,0.31,3,0,9,0.69,0.00,0.29,0,4,F,2,4,3,1,4,0
487,5493429,9,50,5,0.10,8,7,38,0.76,0.14,0.04,1,4,M,2,3,1,5,4,0
619,5589961,2,12,4,0.33,15,0,8,0.67,0.00,0.01,2,1,M,2,1,1,1,1,1
1074,5604592,2,46,20,0.43,3,5,21,0.46,0.11,0.14,4,3,M,1,3,5,1,5,0
225,5720708,2,36,24,0.67,14,13,-1,-0.03,0.36,0.59,5,2,M,1,2,4,4,2,1
872,5861359,2,40,1,0.03,3,12,27,0.68,0.30,0.68,4,3,M,1,5,1,3,2,0
780,5923624,2,20,1,0.05,5,8,11,0.55,0.40,0.06,3,3,M,2,3,3,4,4,0
350,6004025,2,38,21,0.55,14,8,9,0.24,0.21,0.06,6,2,M,1,2,3,4,3,0
12,6015154,2,30,22,0.73,10,1,7,0.23,0.03,8.00,1,1,M,2,5,3,4,2,0
1147,6073335,2,31,10,0.32,14,4,17,0.55,0.13,0.09,2,2,M,1,3,1,2,2,0
900,6115493,2,36,7,0.19,9,13,16,0.44,0.36,0.08,2,1,M,1,5,1,5,2,0
614,6123975,2,34,22,0.65,10,6,6,0.18,0.18,0.12,2,1,M,1,3,1,3,1,1
682,6195976,2,46,26,0.57,16,5,15,0.33,0.11,0.13,2,2,M,2,1,1,3,1,1
700,6410126,10,21,14,0.67,7,1,6,0.29,0.05,0.02,1,2,F,3,4,1,1,1,1
1057,6687511,10,107,35,0.33,7,14,58,0.54,0.13,0.10,8,5,M,3,2,5,4,1,1
982,6705857,10,52,17,0.33,3,6,29,0.56,0.12,0.41,5,1,M,1,3,5,2,2,1
374,6839323,10,198,99,0.50,4,15,84,0.42,0.08,0.27,6,5,M,2,4,3,2,1,1
663,6854315,10,14,9,0.64,7,0,5,0.36,0.00,0.18,3,4,F,3,4,2,2,2,1
719,6967603,10,63,5,0.08,3,11,47,0.75,0.17,0.01,6,5,F,3,4,2,5,4,0
169,7173777,10,133,66,0.50,5,3,64,0.48,0.02,0.15,2,2,F,1,2,2,1,1,1
453,7284034,10,68,27,0.40,7,2,39,0.57,0.03,0.05,4,3,M,3,3,3,2,1,1
603,7289442,10,152,2,0.01,8,3,147,0.97,0.02,0.57,5,3,M,2,1,1,4,5,0
685,7321732,10,67,1,0.01,3,5,61,0.91,0.07,0.12,6,5,M,1,2,4,5,5,0
718,7664308,10,185,0,0.00,4,5,180,0.97,0.03,0.06,10,3,M,1,2,4,5,5,0
986,7742350,10,35,1,0.03,3,2,32,0.91,0.06,0.07,2,3,F,2,5,2,4,5,0
958,7772732,10,60,0,0.00,6,1,59,0.98,0.02,0.04,0,2,F,3,3,5,4,4,0
10,7882007,10,141,3,0.02,3,1,137,0.97,0.01,0.03,7,5,M,2,2,3,2,4,0
39,8192756,10,187,8,0.04,2,16,163,0.87,0.09,0.05,8,5,F,1,2,4,4,5,0
837,8269752,10,43,5,0.12,2,0,38,0.88,0.00,0.17,3,4,F,2,1,2,1,4,0
274,8412601,10,25,0,0.00,6,4,21,0.84,0.16,0.08,3,5,M,3,4,3,1,4,0
171,8436070,10,28,0,0.00,6,0,28,1.00,0.00,0.16,0,5,F,1,5,5,4,4,0
978,8498307,10,150,3,0.02,6,22,125,0.83,0.15,0.30,4,3,F,1,2,4,3,4,0
802,8529948,10,161,5,0.03,2,15,141,0.88,0.09,0.14,8,4,M,3,4,1,5,5,0
275,8561167,10,121,11,0.09,8,20,90,0.74,0.17,0.19,10,2,M,3,3,4,1,5,0
835,8644805,10,9,5,0.56,3,0,4,0.44,0.00,0.00,2,1,M,2,3,1,4,5,0
242,8897330,10,142,3,0.02,2,19,120,0.85,0.13,4.73,1,1,M,2,1,4,1,5,0
1071,9154156,10,97,0,0.00,8,13,84,0.87,0.13,0.03,4,4,F,3,4,2,2,4,0
362,9171568,10,25,0,0.00,7,1,24,0.96,0.04,0.02,0,2,F,3,5,1,4,4,0
440,9241541,10,190,3,0.02,3,35,152,0.80,0.18,0.36,4,5,M,3,1,2,5,5,0
102,9283531,10,19,5,0.26,2,0,14,0.74,0.00,0.03,1,4,F,1,3,3,3,4,0
768,9505325,10,121,2,0.02,7,5,114,0.94,0.04,0.07,4,1,F,1,2,4,5,4,0
874,9513330,10,6,2,0.33,7,0,4,0.67,0.00,0.86,5,3,M,2,5,3,5,4,0
585,9583320,10,150,0,0.00,3,0,150,1.00,0.00,0.06,10,5,F,3,5,5,4,4,0
1087,9605316,10,199,0,0.00,2,19,180,0.90,0.10,0.55,8,1,F,2,2,3,3,5,0
1049,9695213,10,121,0,0.00,2,15,106,0.88,0.12,0.02,5,2,M,1,3,5,1,5,0
735,9757983,10,187,49,0.26,2,6,132,0.71,0.03,0.11,8,4,M,3,3,4,1,5,0
81,9874814,10,190,52,0.27,4,22,116,0.61,0.12,0.25,2,1,M,2,1,1,4,5,0
441,9883334,10,90,0,0.00,4,12,78,0.87,0.13,0.50,3,1,M,1,3,1,1,4,0
615,10094379,10,169,3,0.02,2,16,150,0.89,0.09,0.40,2,1,F,3,3,5,4,4,0
1140,10241896,10,170,3,0.02,3,28,139,0.82,0.16,0.07,1,4,F,3,5,3,3,5,0
896,10478489,10,55,18,0.33,2,2,35,0.64,0.04,0.08,10,1,M,3,3,4,1,2,1
613,10622625,10,183,3,0.02,4,28,152,0.83,0.15,0.83,3,5,F,3,2,2,1,4,0
168,10739092,10,157,0,0.00,7,10,147,0.94,0.06,0.03,0,2,F,3,1,2,3,4,0
574,10972815,10,8,0,0.00,7,1,7,0.88,0.13,0.02,7,1,M,1,4,3,1,4,0
109,11004314,10,176,3,0.02,3,13,160,0.91,0.07,0.17,3,5,M,3,5,5,5,4,0
522,11039051,10,32,1,0.03,7,6,25,0.78,0.19,0.00,5,3,M,2,5,3,2,5,0
254,11116443,10,7,1,0.14,3,0,6,0.86,0.00,0.25,4,5,M,2,1,5,3,1,1
871,11122413,10,93,30,0.32,2,8,55,0.59,0.09,0.06,2,3,M,1,2,1,2,5,0
1003,11139025,10,64,2,0.03,8,0,62,0.97,0.00,0.07,10,1,M,2,5,3,3,5,0
100,11362067,10,115,5,0.04,4,13,97,0.84,0.11,0.01,10,2,M,1,2,4,3,5,0
159,11428718,10,193,3,0.02,3,9,181,0.94,0.05,0.28,3,1,M,1,1,1,5,4,0
708,11574063,10,178,1,0.01,7,35,142,0.80,0.20,0.10,2,3,M,3,2,4,4,4,0
584,11640988,10,48,7,0.15,2,3,38,0.79,0.06,0.04,2,1,M,1,5,5,1,2,1
707,11660348,10,174,48,0.28,5,16,110,0.63,0.09,0.10,10,4,M,2,1,1,4,4,0
403,12037213,10,22,5,0.23,3,2,15,0.68,0.09,0.03,7,1,M,3,5,3,3,4,0
666,12049583,10,110,3,0.03,2,5,102,0.93,0.05,0.95,0,3,M,1,1,3,2,4,0
1094,12140662,10,179,3,0.02,2,24,152,0.85,0.13,0.05,9,1,M,3,1,1,4,1,1
1058,12147697,10,69,3,0.04,4,12,54,0.78,0.17,0.07,10,1,M,3,5,3,2,3,1
1145,12189110,10,45,5,0.11,3,4,36,0.80,0.09,0.19,1,1,M,3,1,4,4,5,0
641,12215316,10,177,1,0.01,4,5,171,0.97,0.03,0.09,1,2,M,1,1,2,4,4,0
1043,12259327,10,89,22,0.25,2,6,61,0.69,0.07,0.26,3,1,M,2,2,1,2,4,0
208,12314830,10,76,21,0.28,3,6,49,0.64,0.08,0.05,3,1,M,1,3,3,2,4,0
107,12320791,10,143,39,0.27,5,14,90,0.63,0.10,0.15,9,2,M,3,1,1,1,4,0
823,12333285,10,101,0,0.00,7,3,98,0.97,0.03,0.00,5,1,M,1,2,5,3,5,0
521,12394613,10,18,1,0.06,4,3,14,0.78,0.17,0.09,9,2,M,2,2,3,1,5,0
828,12411547,10,10,5,0.50,2,0,5,0.50,0.00,0.26,2,1,M,1,4,3,5,5,0
1152,12465374,10,5,0,0.00,2,0,5,1.00,0.00,0.05,0,5,M,1,5,4,5,5,0
520,12469694,10,112,1,0.01,3,2,109,0.97,0.02,0.21,4,3,M,3,1,5,1,4,0
1045,12483913,10,135,1,0.01,3,12,122,0.90,0.09,0.10,1,4,M,1,5,3,2,4,0
1033,12752205,10,92,3,0.03,2,13,76,0.83,0.14,0.15,4,1,M,1,3,2,5,5,0
952,12841498,10,51,2,0.04,4,0,49,0.96,0.00,0.05,4,1,M,3,1,3,1,4,0
712,13005704,10,82,23,0.28,3,2,57,0.70,0.02,0.01,1,5,M,3,3,4,2,4,0
336,13113044,10,184,5,0.03,2,17,162,0.88,0.09,0.14,8,2,M,1,1,2,5,4,0
703,13189916,10,151,0,0.00,5,12,139,0.92,0.08,0.06,6,2,M,3,3,5,1,4,0
358,13227042,10,149,1,0.01,2,20,128,0.86,0.13,0.22,3,4,M,2,2,1,2,5,0
565,13343238,10,122,2,0.02,5,16,104,0.85,0.13,0.19,1,5,M,3,1,4,5,5,0
288,13388741,10,52,3,0.06,2,0,49,0.94,0.00,0.08,5,4,M,3,4,5,1,5,0
258,13411414,10,173,0,0.00,3,29,144,0.83,0.17,0.12,7,1,M,2,4,3,2,5,0
767,13427733,2,43,17,0.40,6,10,16,0.37,0.23,0.03,10,2,M,2,2,4,4,3,0
41,13477023,2,20,4,0.20,13,4,12,0.60,0.20,0.27,3,1,M,2,5,4,1,2,1
75,13480508,2,45,27,0.60,16,2,16,0.36,0.04,0.07,0,3,M,1,3,4,5,2,0
463,13677862,2,30,8,0.27,12,3,19,0.63,0.10,0.12,2,2,M,1,1,4,2,3,0
892,13686217,2,50,16,0.32,5,6,28,0.56,0.12,0.09,4,4,M,1,1,3,4,2,0
769,13757571,2,43,8,0.19,4,0,35,0.81,0.00,0.32,2,4,M,1,3,3,5,2,0
588,13809913,2,10,1,0.10,10,0,9,0.90,0.00,0.09,2,3,M,1,5,2,5,5,1
96,13914277,2,44,35,0.80,15,1,8,0.18,0.02,0.18,9,5,M,2,4,5,2,2,1
411,13980031,2,47,33,0.70,8,6,8,0.17,0.13,0.00,2,4,M,2,1,4,2,3,0
221,14070644,2,16,4,0.25,20,0,12,0.75,0.00,0.11,4,1,M,2,1,4,4,3,0
5,14162618,2,16,10,0.63,5,5,1,0.06,0.31,0.32,2,3,M,2,1,4,2,2,1
717,14330987,2,37,3,0.08,16,10,24,0.65,0.27,0.10,5,2,M,2,1,4,5,2,0
623,14347062,2,33,22,0.67,3,10,1,0.03,0.30,0.06,4,2,M,2,1,2,1,4,1
820,14374793,2,21,10,0.48,5,1,10,0.48,0.05,0.13,13,2,M,1,2,5,4,3,0
114,14410387,2,50,7,0.14,4,20,23,0.46,0.40,0.10,13,4,M,2,4,5,4,5,0
328,14412489,2,31,10,0.32,9,0,21,0.68,0.00,0.17,15,5,M,1,5,5,2,4,1
456,14541403,2,19,10,0.53,11,0,9,0.47,0.00,0.07,13,2,M,1,4,3,5,1,0
1088,14615822,2,46,20,0.43,6,6,20,0.43,0.13,0.03,2,1,M,1,5,5,5,1,0
991,14633996,2,46,33,0.72,2,3,10,0.22,0.07,1.33,9,3,M,1,3,5,1,3,0
575,14648750,2,34,5,0.15,11,14,15,0.44,0.41,0.08,11,3,M,1,5,3,1,2,1
1011,14666585,2,49,1,0.02,15,12,36,0.73,0.24,0.25,13,4,M,1,2,3,3,4,1
378,15007580,2,48,26,0.54,5,4,18,0.38,0.08,0.09,3,2,M,1,2,2,2,1,0
675,15065982,2,39,29,0.74,12,1,9,0.23,0.03,0.10,13,2,M,1,4,3,1,3,0
323,15159495,2,15,4,0.27,13,0,11,0.73,0.00,0.71,2,4,M,2,3,2,5,4,1
122,15275199,2,15,2,0.13,11,5,8,0.53,0.33,0.11,8,2,M,1,2,3,3,3,0
165,15323217,2,22,15,0.68,3,2,5,0.23,0.09,0.04,13,2,M,1,2,3,2,4,0
108,15419228,2,20,9,0.45,7,0,11,0.55,0.00,20.33,6,3,M,1,1,2,3,1,0
530,15421218,2,35,5,0.14,16,1,29,0.83,0.03,0.11,10,4,F,2,5,5,4,3,0
464,15603202,2,41,5,0.12,12,13,23,0.56,0.32,0.06,15,4,M,1,1,3,2,2,0
1151,15629387,2,25,23,0.92,14,0,2,0.08,0.00,0.19,1,4,M,2,5,2,2,1,1
759,15961345,2,30,23,0.77,3,1,6,0.20,0.03,0.07,8,4,M,1,2,2,5,1,0
335,16016261,9,124,4,0.03,8,33,87,0.70,0.27,0.86,3,4,M,2,2,3,2,2,0
309,16071950,9,118,0,0.00,7,25,93,0.79,0.21,0.11,7,5,F,3,4,5,3,5,0
175,16134334,9,74,15,0.20,8,10,49,0.66,0.14,0.00,4,4,F,2,1,4,4,4,0
302,16137103,9,48,2,0.04,8,6,40,0.83,0.13,0.32,0,2,M,2,5,3,5,5,0
340,16149489,9,34,4,0.12,3,7,23,0.68,0.21,0.07,4,1,F,3,3,1,4,4,0
887,16184330,9,49,0,0.00,6,7,42,0.86,0.14,0.53,10,5,F,3,3,5,4,2,0
131,16275702,9,74,3,0.04,4,3,68,0.92,0.04,0.13,5,5,M,2,2,1,5,2,0
1014,16344695,9,53,4,0.08,8,3,46,0.87,0.06,0.07,15,4,F,3,3,2,2,1,0
970,16426187,9,108,3,0.03,7,16,89,0.82,0.15,0.18,8,3,F,3,4,2,4,1,0
863,16549078,9,134,6,0.04,6,24,104,0.78,0.18,0.16,8,2,M,3,1,2,2,1,0
9,16572432,9,71,4,0.06,2,14,53,0.75,0.20,0.10,6,2,M,2,4,2,2,4,0
888,16652859,9,77,3,0.04,5,22,52,0.68,0.29,0.11,3,3,F,2,2,3,2,2,0
568,16716354,9,147,8,0.05,7,8,131,0.89,0.05,0.09,10,1,F,2,3,1,1,1,0
1121,16759209,9,152,4,0.03,3,44,104,0.68,0.29,0.51,5,2,M,2,5,4,2,1,0
954,16784148,9,32,4,0.13,2,5,23,0.72,0.16,0.02,8,1,F,2,3,1,5,4,0
864,16964335,9,65,1,0.02,6,8,56,0.86,0.12,0.01,6,2,F,3,3,4,2,2,0
321,17033100,9,30,5,0.17,7,0,25,0.83,0.00,0.05,4,2,M,3,3,4,5,2,1
184,17101803,9,16,0,0.00,8,1,15,0.94,0.06,0.27,10,2,F,2,2,2,3,5,0
156,17172497,9,33,2,0.06,7,4,27,0.82,0.12,0.26,11,3,F,2,4,4,3,2,0
35,17192853,9,120,34,0.28,2,1,85,0.71,0.01,0.02,10,5,M,2,5,3,5,4,0
606,17240119,9,19,5,0.26,3,0,14,0.74,0.00,0.87,1,2,M,2,5,3,1,1,0
82,17297365,9,13,5,0.38,3,2,6,0.46,0.15,0.13,11,3,F,3,3,3,4,5,0
815,17303874,9,115,5,0.04,7,23,87,0.76,0.20,0.09,1,1,F,3,1,5,4,5,0
910,17338529,9,10,6,0.60,8,1,3,0.30,0.10,0.42,8,2,M,3,3,1,3,3,1
667,17418681,9,86,1,0.01,6,17,68,0.79,0.20,0.10,3,4,F,3,1,3,1,3,0
728,17429925,9,93,5,0.05,2,0,88,0.95,0.00,0.07,9,1,F,2,2,3,2,4,0
417,17581707,9,47,0,0.00,4,7,40,0.85,0.15,0.02,10,1,M,2,4,2,3,3,0
276,17658473,9,21,1,0.05,3,0,20,0.95,0.00,0.06,3,3,F,3,1,5,4,4,0
955,17747024,9,139,2,0.01,2,36,101,0.73,0.26,0.16,5,1,F,2,4,5,3,3,0
485,17848879,9,97,5,0.05,4,20,72,0.74,0.21,0.10,8,4,M,3,2,1,3,5,0
166,17875658,9,62,5,0.08,3,0,57,0.92,0.00,0.11,1,4,M,2,2,3,1,5,0
1139,18037219,9,121,66,0.55,3,3,52,0.43,0.02,0.05,4,2,M,2,5,5,3,4,0
451,18130823,2,31,22,0.71,4,0,9,0.29,0.00,0.25,3,5,F,1,1,1,3,4,0
58,18140021,2,43,33,0.77,5,2,8,0.19,0.05,0.07,10,3,F,2,4,3,2,4,0
7,18291197,2,33,19,0.58,6,7,7,0.21,0.21,0.03,11,1,M,1,5,1,5,1,0
762,18986338,2,11,3,0.27,9,1,7,0.64,0.09,2.13,1,4,M,2,2,3,4,1,0
827,18993295,2,27,21,0.78,10,0,6,0.22,0.00,0.50,7,4,M,1,5,5,2,1,1
771,19049208,2,24,6,0.25,4,5,13,0.54,0.21,0.14,7,2,F,1,5,2,4,2,0
188,19070748,2,31,11,0.35,10,1,19,0.61,0.03,0.05,8,5,F,1,5,5,5,2,0
448,19083657,2,30,2,0.07,11,11,17,0.57,0.37,0.01,11,5,M,1,3,1,5,2,1
809,19154515,2,22,12,0.55,15,2,8,0.36,0.09,0.05,7,3,M,2,2,3,2,4,1
1024,19160007,8,93,46,0.49,2,15,32,0.34,0.16,0.07,2,1,M,1,5,4,1,2,1
1078,19259082,8,37,14,0.38,4,5,18,0.49,0.14,2.28,1,4,M,2,2,4,4,1,0
514,19280660,8,144,49,0.34,2,17,78,0.54,0.12,0.07,10,4,F,1,2,2,4,4,0
766,19518694,8,16,0,0.00,8,6,10,0.63,0.38,7.43,8,5,F,2,4,3,1,2,0
1129,19688778,8,12,0,0.00,5,0,12,1.00,0.00,0.07,2,1,F,2,4,2,4,1,0
539,19760363,8,17,8,0.47,3,1,8,0.47,0.06,0.09,6,2,M,2,4,5,4,4,0
928,19821534,8,22,0,0.00,6,4,18,0.82,0.18,0.05,9,3,M,2,2,3,4,2,0
658,19865924,8,121,66,0.55,3,18,37,0.31,0.15,0.18,5,2,F,2,1,3,4,1,0
212,19917758,8,146,73,0.50,7,7,66,0.45,0.05,0.03,1,3,F,2,3,4,2,3,1
857,19932742,8,67,5,0.07,2,6,56,0.84,0.09,0.02,2,1,M,2,1,1,4,4,0
551,20078137,8,135,0,0.00,5,4,131,0.97,0.03,0.04,1,5,M,2,1,2,3,2,0
135,20271742,8,26,5,0.19,6,0,21,0.81,0.00,0.00,1,5,M,1,2,2,4,1,1
870,20771869,8,75,25,0.33,2,6,44,0.59,0.08,0.02,4,5,F,3,2,1,2,1,0
157,21098193,8,118,5,0.04,2,22,91,0.77,0.19,0.14,10,4,F,1,4,4,3,4,0
83,21132835,8,85,5,0.06,4,10,70,0.82,0.12,0.09,3,5,F,2,2,1,2,4,0
73,21176723,8,87,37,0.43,7,6,44,0.51,0.07,0.11,9,1,M,2,2,1,2,4,0
636,21490327,8,136,56,0.41,3,9,71,0.52,0.07,0.69,7,5,M,3,4,2,2,1,1
495,21581335,8,97,34,0.35,3,8,55,0.57,0.08,0.24,10,5,F,2,5,4,5,4,0
407,21721485,8,132,0,0.00,5,9,123,0.93,0.07,0.17,7,1,F,2,4,1,5,3,0
383,21760360,8,99,1,0.01,6,20,78,0.79,0.20,0.08,3,1,M,2,5,2,5,3,0
1075,21804150,8,1,0,0.00,7,0,1,1.00,0.00,0.10,4,4,M,3,3,1,5,3,0
13,21975527,8,61,31,0.51,6,0,30,0.49,0.00,0.05,2,4,M,2,5,2,5,2,1
68,21981425,8,130,0,0.00,7,41,89,0.68,0.32,0.08,6,3,F,1,4,3,3,3,0
817,21982981,10,192,3,0.02,2,26,163,0.85,0.14,0.06,9,4,M,3,5,3,3,4,0
947,21996191,10,58,0,0.00,3,9,49,0.84,0.16,0.12,6,5,M,2,4,1,3,4,0
904,22292952,10,150,5,0.03,5,29,116,0.77,0.19,0.14,2,3,M,1,2,1,2,5,0
1114,22307427,10,76,1,0.01,4,6,69,0.91,0.08,0.22,3,2,M,3,4,5,4,4,0
942,22314247,10,67,11,0.16,2,6,50,0.75,0.09,0.04,2,1,M,2,4,5,3,4,0
1108,22318865,10,104,5,0.05,3,8,91,0.88,0.08,0.11,2,4,M,2,2,5,1,4,0
174,22392289,10,85,23,0.27,5,6,56,0.66,0.07,0.21,4,2,M,3,3,3,4,4,0
1040,22406966,10,4,0,0.00,5,0,4,1.00,0.00,0.03,2,3,M,1,4,2,2,5,0
326,22419213,10,12,3,0.25,7,0,9,0.75,0.00,0.01,1,2,M,1,2,4,3,5,0
876,22544985,10,189,1,0.01,2,9,179,0.95,0.05,0.16,0,5,M,1,5,2,2,5,0
149,22693227,10,151,2,0.01,2,1,148,0.98,0.01,0.10,3,1,M,1,5,1,3,5,0
57,22984976,10,167,5,0.03,4,9,153,0.92,0.05,0.00,3,3,F,3,3,5,5,4,0
861,23085030,10,44,2,0.05,2,0,42,0.95,0.00,0.01,9,4,F,2,4,3,5,4,0
345,23118617,10,116,3,0.03,5,2,111,0.96,0.02,0.11,1,2,M,2,4,3,3,5,0
140,23120861,10,115,37,0.32,3,0,78,0.68,0.00,0.23,3,1,F,3,4,5,2,4,0
330,23139065,10,108,5,0.05,3,17,86,0.80,0.16,0.17,0,3,F,1,2,1,1,4,0
804,23257961,10,91,3,0.03,3,11,77,0.85,0.12,0.47,6,4,M,1,2,1,4,4,0
1095,23446290,10,114,17,0.15,5,7,90,0.79,0.06,0.05,9,3,F,3,4,1,4,4,0
314,23668090,10,65,5,0.08,2,1,59,0.91,0.02,0.15,2,2,F,1,4,2,4,5,0
750,23763997,10,59,2,0.03,5,4,53,0.90,0.07,0.13,10,5,M,2,2,4,1,5,0
886,24002778,10,136,6,0.04,4,23,107,0.79,0.17,0.54,2,5,M,2,1,4,1,5,0
34,24154113,10,88,5,0.06,2,8,75,0.85,0.09,0.31,4,4,F,1,5,5,2,5,0
604,24220771,10,181,3,0.02,4,24,154,0.85,0.13,0.03,4,5,F,2,3,5,1,4,0
337,24302195,10,24,0,0.00,3,2,22,0.92,0.08,0.12,5,4,M,1,3,1,5,4,0
832,24440847,10,72,1,0.01,5,2,69,0.96,0.03,0.06,9,4,F,3,4,4,1,5,0
447,24549840,10,51,0,0.00,5,6,45,0.88,0.12,0.15,2,4,F,3,3,3,4,4,0
725,24567058,10,146,2,0.01,2,15,129,0.88,0.10,0.02,2,5,M,2,2,2,2,4,0
1066,24586323,10,34,2,0.06,5,2,30,0.88,0.06,0.16,5,5,F,2,3,4,3,4,0
590,24829680,10,99,3,0.03,5,10,86,0.87,0.10,0.00,5,1,F,1,4,2,1,4,0
754,24924464,8,4,3,0.75,8,0,1,0.25,0.00,1.17,7,1,F,2,4,3,2,4,0
630,25056711,8,97,5,0.05,2,7,85,0.88,0.07,1.05,0,5,F,2,1,3,1,4,0
361,25206714,8,105,0,0.00,8,0,105,1.00,0.00,0.17,15,2,M,2,5,4,2,4,0
1089,25208127,8,42,16,0.38,8,3,23,0.55,0.07,0.03,7,5,M,1,4,4,3,3,1
518,25302936,8,38,18,0.47,3,3,17,0.45,0.08,0.14,2,3,F,2,4,2,1,4,0
285,25366709,8,133,11,0.08,6,19,103,0.77,0.14,0.18,4,5,F,1,4,4,3,2,0
891,25373582,8,40,11,0.28,8,9,20,0.50,0.23,0.05,8,2,M,2,5,4,2,2,0
17,25447766,8,130,51,0.39,4,7,72,0.55,0.05,0.04,8,5,M,1,1,3,2,1,0
1104,25451461,2,24,10,0.42,12,2,12,0.50,0.08,0.02,0,5,M,1,2,1,4,1,1
808,25505375,2,16,3,0.19,5,6,7,0.44,0.38,0.10,1,1,F,2,3,1,4,5,0
651,25593430,2,17,10,0.59,18,2,5,0.29,0.12,0.12,15,4,F,2,3,5,2,2,1
393,25595696,2,45,36,0.80,9,2,7,0.16,0.04,0.35,11,4,M,2,3,3,4,5,1
620,25618665,2,48,28,0.58,16,2,18,0.38,0.04,0.33,3,1,M,1,5,5,1,2,0
669,25736074,2,28,18,0.64,11,3,7,0.25,0.11,0.09,1,4,M,1,4,1,2,4,0
369,25994911,3,18,4,0.22,4,1,13,0.72,0.06,0.14,14,4,F,1,5,1,1,5,0
795,26002487,3,18,4,0.22,6,6,8,0.44,0.33,0.23,3,1,F,1,5,1,1,3,0
415,26025801,3,20,13,0.65,16,6,1,0.05,0.30,0.32,3,4,M,1,3,3,1,2,1
125,26079162,3,45,4,0.09,11,9,32,0.71,0.20,0.09,3,5,M,2,1,2,4,5,0
657,26103312,9,48,24,0.50,4,7,17,0.35,0.15,0.17,2,1,F,3,5,5,2,1,1
1137,26387488,9,142,4,0.03,8,6,132,0.93,0.04,0.17,7,2,F,2,4,4,3,4,0
300,26450194,9,111,2,0.02,3,19,90,0.81,0.17,0.04,6,1,F,2,2,4,5,4,0
177,26478967,9,95,27,0.28,2,15,53,0.56,0.16,0.05,6,5,M,3,3,5,2,4,0
324,26737090,9,45,5,0.11,8,3,37,0.82,0.07,0.02,4,5,M,2,4,4,1,5,0
567,26796870,9,52,36,0.69,4,1,15,0.29,0.02,0.09,3,5,F,3,2,5,3,5,0
822,26849025,9,59,3,0.05,3,11,45,0.76,0.19,0.10,10,4,F,3,1,2,2,5,0
550,26865847,9,15,4,0.27,7,2,9,0.60,0.13,7.80,15,4,M,2,5,5,4,5,0
152,26878309,9,66,3,0.05,8,8,55,0.83,0.12,0.10,7,4,M,2,4,3,5,4,0
578,26893108,9,49,2,0.04,3,6,41,0.84,0.12,0.30,5,1,M,3,2,1,5,4,0
1084,26895024,9,115,5,0.04,7,13,97,0.84,0.11,0.15,1,2,F,2,3,3,3,3,0
858,26904023,9,127,63,0.50,8,3,61,0.48,0.02,0.00,2,1,F,3,2,5,1,1,1
1017,26929240,9,100,50,0.50,3,18,32,0.32,0.18,0.24,9,2,F,2,3,4,1,2,1
963,27010063,9,134,5,0.04,3,27,102,0.76,0.20,0.01,7,4,M,2,2,5,1,4,0
1039,27025299,9,70,28,0.40,3,9,33,0.47,0.13,0.05,2,5,M,3,3,1,2,3,1
556,27059525,3,17,3,0.18,14,5,9,0.53,0.29,0.22,3,4,M,1,5,2,5,1,1
852,27304618,3,10,2,0.20,8,2,6,0.60,0.20,0.18,3,3,F,1,3,3,5,4,1
941,27320964,3,16,4,0.25,16,0,12,0.75,0.00,0.07,3,2,F,2,4,1,3,2,0
760,27341412,10,151,5,0.03,3,10,136,0.90,0.07,0.09,2,1,M,3,4,2,1,5,0
79,27405915,10,159,1,0.01,2,31,127,0.80,0.19,0.08,2,5,M,3,5,4,3,5,0
714,27519889,10,55,2,0.04,3,4,49,0.89,0.07,0.09,4,1,F,2,2,3,4,5,0
677,27592540,10,81,2,0.02,4,7,72,0.89,0.09,0.08,9,5,F,2,2,1,5,5,0
589,27908886,10,171,85,0.50,7,10,76,0.44,0.06,0.06,5,1,M,3,4,2,1,2,1
51,28086183,10,80,32,0.40,7,2,46,0.58,0.03,0.05,4,2,F,3,4,4,3,1,1
235,28154385,10,21,3,0.14,3,2,16,0.76,0.10,0.18,7,4,F,3,2,3,5,4,0
875,28247495,10,162,5,0.03,7,14,143,0.88,0.09,0.01,4,1,M,2,1,3,2,4,0
222,28375948,10,64,21,0.33,6,1,42,0.66,0.02,0.11,7,3,F,3,3,4,2,1,1
856,28395657,10,92,1,0.01,2,18,73,0.79,0.20,0.12,8,1,F,3,3,2,4,2,0
186,28418940,10,70,23,0.33,7,12,35,0.50,0.17,0.13,6,1,M,2,5,2,3,2,1
50,28566463,10,96,14,0.15,4,5,77,0.80,0.05,1.11,9,2,M,2,3,3,2,2,0
1153,28643168,10,42,16,0.38,5,2,24,0.57,0.05,0.43,2,4,F,1,2,5,1,2,1
697,28742031,10,60,24,0.40,7,6,30,0.50,0.10,0.26,6,3,F,3,4,5,3,2,1
1021,28796624,10,8,5,0.63,3,0,3,0.38,0.00,0.22,2,5,M,3,1,5,1,1,1
967,28878791,10,190,95,0.50,6,28,67,0.35,0.15,0.10,4,1,F,3,5,3,3,1,1
794,28879782,10,151,50,0.33,2,1,100,0.66,0.01,0.15,6,4,F,2,2,3,4,2,1
944,29023802,10,98,5,0.05,4,11,82,0.84,0.11,0.18,6,4,M,2,4,1,1,2,0
406,29058201,10,4,2,0.50,2,0,2,0.50,0.00,0.19,3,4,F,2,5,4,2,1,1
246,29130561,10,150,75,0.50,2,8,67,0.45,0.05,0.06,4,4,F,2,2,3,2,1,1
432,29164770,10,110,55,0.50,2,4,51,0.46,0.04,0.33,1,5,M,3,1,2,1,2,1
399,29211422,10,131,2,0.02,2,25,104,0.79,0.19,0.07,0,3,M,2,5,2,3,1,0
739,29288864,10,21,8,0.38,6,0,13,0.62,0.00,2.00,1,1,M,3,2,4,3,2,1
975,29289308,10,34,11,0.32,5,5,18,0.53,0.15,0.02,0,2,F,3,5,2,2,2,1
474,29290467,10,44,17,0.39,4,5,22,0.50,0.11,0.27,6,3,F,2,5,5,1,2,1
716,29295844,10,13,5,0.38,5,0,8,0.62,0.00,0.03,10,1,F,3,4,4,3,2,0
400,29301131,10,11,2,0.18,4,0,9,0.82,0.00,0.12,7,3,M,3,4,4,3,2,0
402,29347169,10,130,32,0.25,4,11,87,0.67,0.08,0.03,2,5,M,3,5,5,4,5,0
459,29586028,10,177,0,0.00,2,8,169,0.95,0.05,0.20,2,4,F,2,4,3,5,4,0
54,29604286,10,93,3,0.03,6,7,83,0.89,0.08,0.02,6,3,F,2,2,4,4,1,0
230,29675544,10,100,5,0.05,3,0,95,0.95,0.00,1.01,1,2,M,3,4,5,3,4,0
301,29683005,10,111,5,0.05,4,1,105,0.95,0.01,0.06,2,1,M,2,1,4,5,4,0
679,29801922,10,7,2,0.29,5,0,5,0.71,0.00,0.02,1,5,M,3,2,3,5,3,0
203,29845031,10,10,0,0.00,5,0,10,1.00,0.00,0.37,3,4,F,2,3,2,5,3,0
671,29943414,10,116,2,0.02,4,0,114,0.98,0.00,0.02,4,1,F,2,3,2,5,3,0
609,30027597,10,192,1,0.01,7,38,153,0.80,0.20,0.00,4,5,F,2,5,1,2,1,0
179,30233412,10,111,5,0.05,6,9,97,0.87,0.08,0.02,4,3,M,2,2,4,3,3,0
239,30300741,10,97,1,0.01,4,12,84,0.87,0.12,0.20,6,4,M,3,3,4,4,2,0
1128,30460957,10,157,1,0.01,2,10,146,0.93,0.06,0.01,0,1,F,3,3,1,5,5,0
123,30478716,10,26,5,0.19,3,1,20,0.77,0.04,0.06,1,1,F,2,4,1,5,4,0
115,30658808,10,181,5,0.03,7,33,143,0.79,0.18,0.07,6,2,M,2,3,1,2,4,0
501,30726429,10,152,2,0.01,8,4,146,0.96,0.03,0.09,8,3,M,3,3,1,4,4,0
1038,30861241,10,6,2,0.33,2,0,4,0.67,0.00,0.16,5,4,M,3,5,4,4,4,0
749,30896800,10,78,3,0.04,2,3,72,0.92,0.04,0.08,7,2,F,3,1,1,1,5,0
566,30907631,10,83,5,0.06,3,1,77,0.93,0.01,0.15,3,1,F,2,4,4,5,5,0
838,30978850,10,2,2,1.00,5,0,0,0.00,0.00,0.12,0,2,F,3,5,4,1,5,0
859,31051104,10,141,2,0.01,2,11,128,0.91,0.08,0.20,2,4,M,3,4,5,1,5,0
112,31109730,10,101,2,0.02,3,16,83,0.82,0.16,0.07,4,5,M,2,1,2,5,4,0
42,31293992,10,132,2,0.02,4,18,112,0.85,0.14,0.14,2,3,F,2,5,3,3,4,0
30,31297722,10,170,34,0.20,3,12,124,0.73,0.07,0.57,8,3,F,2,5,4,3,5,0
48,31311231,10,131,2,0.02,3,18,111,0.85,0.14,1.34,2,5,M,2,2,3,5,4,0
974,31388474,10,105,0,0.00,2,11,94,0.90,0.10,0.09,4,1,M,2,2,1,5,4,0
783,31768112,10,43,5,0.12,2,4,34,0.79,0.09,0.03,0,2,M,3,4,5,1,4,0
882,31895869,10,108,5,0.05,2,0,103,0.95,0.00,0.15,2,2,F,2,4,5,5,4,0
279,32163433,10,135,2,0.01,3,15,118,0.87,0.11,0.13,6,2,F,2,4,4,1,5,0
32,32203211,10,55,5,0.09,3,0,50,0.91,0.00,0.41,0,3,F,3,5,5,4,5,0
788,32289949,10,90,5,0.06,2,6,79,0.88,0.07,0.17,4,3,M,2,5,4,4,5,0
498,32420836,10,46,11,0.24,5,5,30,0.65,0.11,0.05,9,4,M,3,4,1,3,5,0
645,32454639,10,167,3,0.02,4,13,151,0.90,0.08,0.09,1,4,F,3,4,2,2,4,0
813,32474615,10,98,26,0.27,2,9,63,0.64,0.09,0.06,5,1,F,3,1,2,4,4,0
1032,32515273,10,161,0,0.00,3,20,141,0.88,0.12,0.10,5,2,M,3,1,5,1,5,0
344,32540818,10,166,42,0.25,3,14,110,0.66,0.08,0.19,8,5,M,2,3,1,3,4,0
765,32629624,10,121,3,0.02,2,10,108,0.89,0.08,0.14,7,3,M,2,3,1,3,4,0
145,32729703,10,110,5,0.05,3,10,95,0.86,0.09,0.06,3,5,F,2,2,2,2,4,0
698,32842114,10,118,3,0.03,5,0,115,0.97,0.00,0.15,2,5,F,2,3,3,3,4,0
536,32989902,10,22,5,0.23,3,1,16,0.73,0.05,0.02,5,3,F,3,5,4,3,5,0
49,33112567,10,54,3,0.06,7,5,46,0.85,0.09,0.06,1,1,M,2,4,3,4,5,0
305,33149687,3,22,14,0.64,14,1,7,0.32,0.05,0.06,3,5,M,1,2,5,5,2,1
255,33534499,3,10,4,0.40,3,1,5,0.50,0.10,0.07,3,1,M,2,2,2,1,1,0
66,33649411,3,24,20,0.83,8,1,3,0.13,0.04,0.21,3,1,M,1,2,3,2,3,1
527,33680385,3,12,1,0.08,4,2,9,0.75,0.17,0.08,4,4,F,2,3,1,2,2,1
883,33734579,3,43,28,0.65,2,3,12,0.28,0.07,0.03,4,4,F,1,4,4,2,1,1
2,33746721,3,23,18,0.78,7,0,5,0.22,0.00,0.05,4,5,M,1,5,4,1,5,0
738,33761135,3,76,13,0.17,7,25,38,0.50,0.33,0.09,4,3,M,1,5,4,5,1,1
101,33783591,3,94,62,0.66,4,28,4,0.04,0.30,0.00,4,2,M,2,4,1,1,1,1
1126,33813135,3,29,18,0.62,14,0,11,0.38,0.00,0.00,4,2,F,1,5,5,3,2,0
1068,33822544,3,98,27,0.28,16,25,46,0.47,0.26,0.05,4,3,F,2,5,4,4,5,1
273,33857347,3,60,40,0.67,9,14,6,0.10,0.23,0.17,3,4,M,2,3,1,1,1,1
243,33896092,3,6,4,0.67,7,0,2,0.33,0.00,0.13,3,2,M,2,4,4,1,1,1
607,33900977,3,10,4,0.40,11,2,4,0.40,0.20,0.04,3,2,M,2,4,1,1,5,0
294,34173084,3,56,5,0.09,12,7,44,0.79,0.13,0.26,3,4,F,2,3,2,2,2,1
994,34193580,3,54,28,0.52,3,3,23,0.43,0.06,0.11,3,3,F,2,3,1,1,3,0
365,34229530,3,2,0,0.00,6,0,2,1.00,0.00,0.02,8,3,M,2,5,5,2,2,1
911,34247197,3,47,18,0.38,10,14,15,0.32,0.30,0.17,8,3,M,2,3,2,2,2,1
868,34285523,3,57,23,0.40,12,14,20,0.35,0.25,0.02,13,5,M,1,5,1,1,1,1
488,34372000,3,60,40,0.67,8,7,13,0.22,0.12,0.06,4,1,F,1,1,3,1,1,1
740,34451737,3,64,26,0.41,10,0,38,0.59,0.00,0.04,10,3,F,1,4,4,5,2,1
241,34479385,3,89,15,0.17,12,15,59,0.66,0.17,0.03,5,3,M,1,5,4,2,2,1
308,34666288,3,85,56,0.66,6,26,3,0.04,0.31,0.01,4,5,M,1,5,3,2,1,1
752,34666970,3,49,18,0.37,11,1,30,0.61,0.02,0.11,8,1,M,1,2,4,2,1,1
91,34727669,3,27,23,0.85,10,1,3,0.11,0.04,0.02,13,3,F,2,1,1,1,2,1
633,34775810,3,27,10,0.37,14,3,14,0.52,0.11,0.06,8,4,F,1,3,1,2,1,1
416,34825319,3,20,4,0.20,15,1,15,0.75,0.05,0.45,6,4,M,1,1,5,1,2,1
1059,34912009,3,57,22,0.39,7,14,21,0.37,0.25,0.11,1,2,M,1,4,1,1,1,1
605,34975178,3,92,61,0.66,5,11,20,0.22,0.12,0.08,1,2,M,2,2,2,4,1,1
534,35133634,3,4,4,1.00,6,0,0,0.00,0.00,0.10,4,2,F,2,5,3,1,2,1
564,35242456,3,61,24,0.39,3,13,24,0.39,0.21,0.17,9,3,F,2,3,4,2,1,1
1111,35254022,4,45,29,0.64,12,2,14,0.31,0.04,0.17,1,2,M,2,3,1,1,1,0
937,35416950,4,25,2,0.08,9,6,17,0.68,0.24,0.31,3,2,M,2,5,3,2,4,1
528,35491971,4,42,6,0.14,2,14,22,0.52,0.33,0.05,11,1,M,2,2,1,4,2,1
755,35642011,4,34,19,0.56,9,4,11,0.32,0.12,0.01,3,1,M,1,5,2,2,2,1
848,35798564,4,41,3,0.07,3,0,38,0.93,0.00,0.55,8,1,M,1,2,1,2,1,1
746,35807189,4,22,7,0.32,4,8,7,0.32,0.36,0.08,10,5,M,1,2,3,1,1,1
779,35809551,4,28,7,0.25,12,0,21,0.75,0.00,0.24,5,3,M,1,3,3,1,4,1
953,35832772,4,35,15,0.43,4,6,14,0.40,0.17,0.14,6,1,M,1,5,3,1,2,0
541,35862286,4,28,15,0.54,13,3,10,0.36,0.11,0.02,14,4,M,1,3,3,2,1,1
702,36037173,4,48,37,0.77,5,1,10,0.21,0.02,0.04,12,5,M,1,4,1,3,4,0
775,36076890,4,42,2,0.05,8,10,30,0.71,0.24,0.02,5,5,M,1,3,2,3,2,1
1117,36147368,4,37,0,0.00,11,10,27,0.73,0.27,0.14,13,5,M,2,2,4,3,1,1
430,36252589,4,26,17,0.65,11,1,8,0.31,0.04,0.23,5,2,M,2,3,5,2,1,1
543,36274544,4,34,12,0.35,2,7,15,0.44,0.21,0.03,2,5,M,2,4,1,1,4,0
306,36348572,4,37,20,0.54,11,5,12,0.32,0.14,0.48,9,3,M,2,1,1,2,2,1
343,36354927,4,24,17,0.71,12,1,6,0.25,0.04,0.06,2,3,M,1,2,4,2,1,1
1149,36418164,4,35,14,0.40,6,7,14,0.40,0.20,0.04,9,1,M,1,4,2,1,2,1
1042,36485729,3,68,28,0.41,2,3,37,0.54,0.04,1.09,7,2,M,1,5,3,1,2,1
266,36493719,3,22,18,0.82,12,0,4,0.18,0.00,0.06,13,1,M,1,5,4,2,1,1
238,36531794,3,15,6,0.40,15,3,6,0.40,0.20,0.30,7,2,M,1,4,1,3,1,0
104,36533092,3,76,5,0.07,11,34,37,0.49,0.45,0.14,11,1,F,2,2,3,5,5,0
286,36820856,3,10,2,0.20,16,2,6,0.60,0.20,0.24,3,3,F,1,1,5,1,5,1
793,36842293,3,11,7,0.64,14,1,3,0.27,0.09,0.10,4,2,M,2,1,4,2,1,1
981,36879825,3,18,5,0.28,7,5,8,0.44,0.28,0.51,5,2,M,2,5,2,1,3,0
45,36899301,3,17,5,0.29,11,0,12,0.71,0.00,0.34,2,4,M,1,1,2,3,4,0
3,37029400,3,15,4,0.27,12,3,8,0.53,0.20,0.80,3,5,F,1,5,3,3,4,1
248,37072943,3,19,12,0.63,3,2,5,0.26,0.11,0.12,4,2,F,1,1,2,3,2,1
709,37202486,3,10,5,0.50,7,0,5,0.50,0.00,0.01,3,4,M,1,2,5,3,5,0
699,37383184,3,11,2,0.18,6,4,5,0.45,0.36,0.08,4,5,F,1,4,2,4,1,0
562,37556752,3,18,9,0.50,9,2,7,0.39,0.11,0.14,5,4,F,2,1,5,4,1,0
705,37584291,3,17,5,0.29,5,2,10,0.59,0.12,0.04,2,3,M,2,4,5,3,3,0
555,37694397,3,15,4,0.27,11,5,6,0.40,0.33,0.06,3,5,F,1,2,4,5,1,0
136,37714814,3,19,15,0.79,9,1,3,0.16,0.05,0.73,4,4,F,1,4,5,4,5,1
509,37766220,3,1,0,0.00,9,0,1,1.00,0.00,0.05,3,3,M,1,5,3,2,1,0
425,37852483,3,3,0,0.00,7,1,2,0.67,0.33,0.07,4,2,M,1,2,5,3,2,0
731,37922128,3,5,0,0.00,3,1,4,0.80,0.20,0.02,5,4,M,2,4,4,2,2,0
644,38053707,3,7,3,0.43,5,0,4,0.57,0.00,0.07,2,1,M,1,5,4,5,4,0
1080,38077114,3,8,2,0.25,10,0,6,0.75,0.00,0.02,3,3,F,1,5,4,5,3,0
989,38265184,3,12,7,0.58,7,0,5,0.42,0.00,0.18,4,1,F,2,3,2,1,4,0
523,38693427,3,2,0,0.00,8,0,2,1.00,0.00,0.28,1,1,M,2,4,3,5,1,0
281,38700399,3,44,13,0.30,5,13,18,0.41,0.30,1.01,3,5,F,1,4,2,2,1,0
46,38720979,3,35,24,0.69,14,2,9,0.26,0.06,2.16,4,2,F,2,1,4,4,1,0
628,38738901,3,6,4,0.67,12,0,2,0.33,0.00,0.09,5,2,M,1,5,2,5,3,0
489,38752350,3,7,0,0.00,13,2,5,0.71,0.29,0.03,2,3,F,1,5,4,2,5,1
643,38929922,3,82,26,0.32,11,11,45,0.55,0.13,0.01,3,3,F,1,4,2,5,1,0
945,38991493,3,45,4,0.09,12,17,24,0.53,0.38,0.04,4,1,M,1,1,5,5,2,0
503,39009491,3,22,11,0.50,15,3,8,0.36,0.14,0.09,3,2,M,1,5,5,4,2,0
445,39062703,3,1,0,0.00,16,0,1,1.00,0.00,0.13,4,5,M,2,3,4,2,1,0
537,39176547,3,10,2,0.20,3,0,8,0.80,0.00,0.14,5,2,M,1,4,5,2,5,0
316,39204979,3,1,0,0.00,15,0,1,1.00,0.00,0.04,2,5,F,1,4,2,3,3,0
296,39229693,3,13,5,0.38,7,0,8,0.62,0.00,0.25,3,3,F,1,4,3,2,3,0
1096,39245183,3,45,25,0.56,8,1,19,0.42,0.02,0.03,4,3,M,1,1,1,1,3,0
753,39397407,3,2,0,0.00,14,0,2,1.00,0.00,0.61,1,1,F,1,4,3,1,4,1
471,39526668,3,32,18,0.56,8,2,12,0.38,0.06,0.03,3,5,M,2,5,3,2,3,0
961,39579139,3,12,5,0.42,14,3,4,0.33,0.25,1.65,8,4,M,2,1,4,3,3,0
798,39653298,3,11,4,0.36,6,0,7,0.64,0.00,1.12,9,2,M,1,2,1,2,3,0
320,39754183,3,15,1,0.07,16,1,13,0.87,0.07,2.44,7,1,M,1,3,5,1,3,1
894,39762492,3,17,1,0.06,7,2,14,0.82,0.12,0.07,14,1,M,1,1,5,3,4,0
127,39934897,3,19,4,0.21,6,6,9,0.47,0.32,2.54,14,3,M,1,1,5,3,2,0
1077,40029585,3,21,5,0.24,15,7,9,0.43,0.33,1.84,0,1,M,1,4,3,4,1,0
118,40062149,3,33,22,0.67,12,0,11,0.33,0.00,0.04,9,5,M,1,4,5,4,4,1
185,40139796,3,5,0,0.00,8,1,4,0.80,0.20,0.05,0,1,M,1,5,3,1,1,1
371,40176999,3,7,4,0.57,6,0,3,0.43,0.00,0.07,7,5,M,1,1,5,5,2,0
228,40208837,4,23,10,0.43,3,4,9,0.39,0.17,0.45,14,1,F,1,5,5,5,4,0
821,40369177,5,34,0,0.00,10,8,26,0.76,0.24,0.29,2,4,M,2,3,4,2,5,0
621,40581797,5,28,5,0.18,12,3,20,0.71,0.11,0.06,3,5,F,1,5,3,3,2,1
513,40614360,5,38,23,0.61,3,1,14,0.37,0.03,0.11,3,3,M,1,1,1,3,1,1
642,40785514,5,43,8,0.19,7,11,24,0.56,0.26,7.38,10,1,M,1,4,1,2,2,1
1115,40924838,5,50,35,0.70,10,2,13,0.26,0.04,0.05,7,2,M,1,5,1,1,1,1
56,40929679,5,41,27,0.66,11,7,7,0.17,0.17,0.10,7,5,M,1,2,1,2,1,1
38,40998638,4,44,29,0.66,7,3,12,0.27,0.07,0.02,14,4,M,1,2,3,1,1,1
785,41081250,4,40,37,0.93,11,0,3,0.08,0.00,0.11,0,1,M,1,4,5,4,2,0
473,41131495,4,23,7,0.30,3,5,11,0.48,0.22,0.60,4,2,M,2,4,3,4,1,0
486,41196742,4,47,24,0.51,10,5,18,0.38,0.11,0.12,0,1,M,2,3,3,2,4,0
962,41234393,4,49,4,0.08,2,0,45,0.92,0.00,0.40,9,4,F,2,1,3,2,2,1
351,41260688,4,46,37,0.80,5,2,7,0.15,0.04,0.05,9,5,F,2,3,3,4,1,0
1044,41354483,4,27,7,0.26,14,4,16,0.59,0.15,0.08,13,5,M,1,5,5,4,4,1
758,41473516,4,49,32,0.65,12,1,16,0.33,0.02,0.83,13,5,F,2,1,5,3,2,1
734,41689432,4,39,12,0.31,8,5,22,0.56,0.13,0.09,7,2,F,1,1,5,1,3,0
956,41739092,4,35,23,0.66,9,4,8,0.23,0.11,0.56,0,3,M,1,3,3,1,1,1
138,41833119,4,20,2,0.10,5,7,11,0.55,0.35,0.10,4,4,F,1,3,4,5,3,1
479,41858388,4,40,34,0.85,12,1,5,0.13,0.03,0.01,2,3,F,1,5,4,1,2,1
318,41980539,4,40,0,0.00,3,14,26,0.65,0.35,0.42,0,1,M,2,2,3,2,4,0
1035,42119362,4,43,11,0.26,12,0,32,0.74,0.00,0.01,0,1,M,1,3,4,2,3,0
1048,42294181,4,37,12,0.32,13,6,19,0.51,0.16,0.10,11,4,M,1,1,3,1,1,0
87,42297216,4,34,16,0.47,9,1,17,0.50,0.03,0.09,4,3,M,2,4,4,1,5,1
1022,42317540,4,28,7,0.25,7,4,17,0.61,0.14,1.16,3,3,F,2,5,5,4,4,0
610,42422484,4,48,35,0.73,13,2,11,0.23,0.04,0.06,11,3,F,2,1,1,5,5,1
692,42540294,4,22,11,0.50,4,2,9,0.41,0.09,0.14,4,4,M,1,5,4,2,2,0
579,42553883,4,23,4,0.17,4,7,12,0.52,0.30,0.20,10,2,M,1,1,1,4,5,0
818,42582777,4,33,0,0.00,9,11,22,0.67,0.33,0.03,6,1,M,1,1,3,5,4,1
510,42787218,4,22,12,0.55,7,0,10,0.45,0.00,0.10,10,3,M,1,2,1,2,1,1
540,43045556,5,31,20,0.65,10,6,5,0.16,0.19,0.06,3,2,F,2,3,5,2,2,1
1000,43159202,5,35,20,0.57,7,4,11,0.31,0.11,0.12,4,2,F,1,5,4,3,1,1
232,43223371,5,44,14,0.32,7,14,16,0.36,0.32,0.02,8,4,M,1,2,5,2,2,1
426,43262023,5,54,36,0.67,8,7,11,0.20,0.13,0.05,6,4,F,2,3,4,3,5,1
764,43354252,5,45,30,0.67,3,10,5,0.11,0.22,0.34,6,2,F,1,1,4,2,2,1
985,43367260,5,43,28,0.65,3,1,14,0.33,0.02,0.05,13,3,M,1,4,3,1,1,1
640,43436942,5,36,20,0.56,6,5,11,0.31,0.14,1.07,8,3,F,3,1,4,1,1,1
1025,43451589,5,49,20,0.41,4,2,27,0.55,0.04,0.03,7,5,F,2,4,5,4,3,1
460,43468674,5,37,24,0.65,13,9,4,0.11,0.24,0.03,9,5,M,2,5,1,3,1,1
272,43624834,5,47,32,0.68,5,4,11,0.23,0.09,0.08,4,3,M,2,1,1,4,1,1
59,44023475,5,52,20,0.38,2,9,23,0.44,0.17,0.17,5,3,M,2,4,5,2,1,1
998,44057230,5,47,31,0.66,4,2,14,0.30,0.04,0.18,3,4,M,3,4,2,2,1,1
257,44439051,5,46,25,0.54,13,6,15,0.33,0.13,0.10,4,3,F,3,2,5,4,4,1
617,44455415,5,54,22,0.41,3,5,27,0.50,0.09,0.02,3,1,F,2,5,3,1,1,0
490,44456892,5,34,20,0.59,5,4,10,0.29,0.12,0.13,9,3,M,2,5,3,3,5,0
525,44465114,5,54,2,0.04,3,1,51,0.94,0.02,0.06,5,2,F,2,4,3,1,1,1
192,44480480,5,46,23,0.50,12,5,18,0.39,0.11,0.22,13,4,F,3,1,3,2,3,0
229,44492064,5,45,30,0.67,5,9,6,0.13,0.20,0.12,4,4,M,3,4,5,1,2,1
733,44758021,5,38,8,0.21,11,3,27,0.71,0.08,0.03,10,5,F,3,2,2,3,4,0
477,44821406,5,39,18,0.46,7,3,18,0.46,0.08,0.10,0,4,F,2,2,5,1,5,0
1056,44850131,5,33,0,0.00,10,6,27,0.82,0.18,5.17,11,4,M,3,3,5,5,1,1
1136,45013011,5,53,24,0.45,9,4,25,0.47,0.08,0.08,13,1,M,3,4,2,2,3,0
711,45062068,5,38,25,0.66,14,6,7,0.18,0.16,0.17,9,4,M,2,3,1,2,3,1
932,45105250,5,38,23,0.61,14,1,14,0.37,0.03,0.10,0,3,M,1,1,5,2,5,1
231,45105518,5,34,20,0.59,14,0,14,0.41,0.00,0.07,0,2,F,3,2,2,1,1,1
1023,45203163,5,42,15,0.36,2,4,23,0.55,0.10,0.66,3,2,F,2,2,2,5,4,0
879,45362205,5,39,16,0.41,10,3,20,0.51,0.08,0.01,5,5,M,1,4,3,5,1,1
895,45371488,5,39,3,0.08,6,6,30,0.77,0.15,0.04,0,3,F,2,5,3,4,3,0
367,45773883,5,37,11,0.30,14,5,21,0.57,0.14,0.23,8,4,F,2,5,1,5,4,1
292,45783387,5,37,17,0.46,5,2,18,0.49,0.05,0.18,13,5,M,1,2,1,2,4,0
1138,45801791,5,39,29,0.74,11,2,8,0.21,0.05,0.01,5,1,F,3,4,4,4,5,0
397,45807326,5,35,20,0.57,14,1,14,0.40,0.03,0.12,10,2,F,1,1,4,4,2,0
946,45812849,5,40,0,0.00,6,2,38,0.95,0.05,0.09,1,5,M,1,5,5,3,1,0
204,45885592,5,48,28,0.58,13,0,20,0.42,0.00,0.06,8,4,M,3,3,3,1,4,1
180,45918347,5,37,7,0.19,3,4,26,0.70,0.11,0.15,7,5,M,3,2,3,5,2,1
582,46006741,5,40,2,0.05,3,12,26,0.65,0.30,0.11,8,2,M,2,5,2,4,4,0
18,46045430,5,49,8,0.16,7,14,27,0.55,0.29,1.70,0,2,F,3,4,2,2,4,0
98,46134175,5,45,15,0.33,14,10,20,0.44,0.22,0.00,6,2,F,1,2,5,2,3,0
824,46227845,5,47,3,0.06,9,2,42,0.89,0.04,0.07,14,2,M,3,4,2,5,4,1
1124,46369855,5,48,10,0.21,2,6,32,0.67,0.13,0.15,11,1,F,3,2,2,2,2,0
1013,46382899,5,48,25,0.52,13,5,18,0.38,0.10,0.09,3,1,F,1,1,3,4,3,1
327,46806131,5,52,22,0.42,6,11,19,0.37,0.21,0.08,4,4,M,1,2,3,3,3,0
890,46868060,5,42,30,0.71,14,4,8,0.19,0.10,0.10,7,3,F,3,5,5,5,4,1
593,46897927,5,40,22,0.55,10,2,16,0.40,0.05,0.03,5,5,F,2,1,4,5,2,0
1028,46932375,5,49,19,0.39,14,11,19,0.39,0.22,0.02,3,4,M,1,3,3,2,1,0
60,46933695,5,47,18,0.38,13,6,23,0.49,0.13,0.17,7,2,M,2,4,5,3,3,1
632,46973658,5,55,20,0.36,12,9,26,0.47,0.16,0.02,10,1,M,1,3,2,2,4,1
517,47043705,5,45,30,0.67,9,2,13,0.29,0.04,0.01,9,4,M,2,1,5,1,1,1
1034,47201968,5,31,0,0.00,4,2,29,0.94,0.06,0.43,2,3,F,1,5,4,1,2,0
789,47320781,5,38,6,0.16,8,5,27,0.71,0.13,0.23,3,2,F,3,5,1,4,1,0
354,47534324,5,30,24,0.80,3,1,5,0.17,0.03,0.01,5,3,M,1,2,5,4,4,0
423,47544292,5,33,0,0.00,3,11,22,0.67,0.33,0.13,14,5,F,1,4,2,3,2,0
913,47609698,5,50,6,0.12,11,17,27,0.54,0.34,0.16,0,3,F,3,5,3,3,1,0
676,47649309,5,47,1,0.02,8,13,33,0.70,0.28,0.06,5,5,M,2,3,4,2,4,1
90,47681377,5,40,28,0.70,6,2,10,0.25,0.05,0.52,3,5,F,1,5,4,2,2,0
660,47691862,5,39,21,0.54,11,5,13,0.33,0.13,0.03,5,2,F,2,3,2,1,1,0
61,47850232,5,31,0,0.00,8,10,21,0.68,0.32,0.14,14,3,M,1,3,4,2,4,1
1007,47950854,5,36,20,0.56,7,0,16,0.44,0.00,1.71,11,4,M,2,3,5,3,2,0
592,47967450,5,41,21,0.51,5,3,17,0.41,0.07,0.07,2,1,M,3,5,1,4,2,1
37,47970692,5,47,9,0.19,9,10,28,0.60,0.21,0.04,7,3,M,3,5,3,5,1,0
124,47998538,5,35,20,0.57,9,4,11,0.31,0.11,0.05,14,3,F,3,3,5,1,4,1
531,48065433,5,48,2,0.04,2,16,30,0.63,0.33,0.05,5,1,F,3,1,2,2,2,0
129,48156720,5,52,35,0.67,9,0,17,0.33,0.00,0.07,4,5,M,2,1,5,4,1,0
121,48170701,5,42,15,0.36,7,4,23,0.55,0.10,0.05,8,5,F,2,3,3,3,5,0
151,48423071,5,33,0,0.00,8,13,20,0.61,0.39,0.09,1,1,F,2,3,2,4,4,1
346,48580544,5,50,18,0.36,4,1,31,0.62,0.02,0.11,1,4,M,3,3,4,2,1,0
470,48598152,5,47,14,0.30,10,11,22,0.47,0.23,0.00,1,4,F,2,5,1,5,1,0
376,48646689,5,50,22,0.44,5,3,25,0.50,0.06,0.14,1,4,F,2,4,3,1,2,0
1122,48683774,5,30,22,0.73,12,0,8,0.27,0.00,0.06,1,1,M,2,2,5,4,1,0
1001,48833818,5,36,20,0.56,4,3,13,0.36,0.08,0.14,2,5,M,2,4,3,5,1,1
466,48886051,5,45,1,0.02,10,3,41,0.91,0.07,0.17,5,3,M,2,2,1,5,1,0
1093,48903783,5,51,17,0.33,2,7,27,0.53,0.14,8.70,0,5,M,2,2,5,2,1,0
563,48982700,5,36,20,0.56,4,0,16,0.44,0.00,0.05,7,4,F,3,1,2,5,4,0
19,49111083,5,43,20,0.47,10,0,23,0.53,0.00,0.47,8,1,F,3,3,1,1,1,0
482,49223047,5,40,9,0.23,4,3,28,0.70,0.08,0.10,0,3,M,3,4,4,2,1,0
726,49244078,5,39,18,0.46,3,3,18,0.46,0.08,0.02,14,4,F,2,5,3,5,4,0
63,49263199,5,34,20,0.59,9,4,10,0.29,0.12,0.03,5,1,F,2,3,5,2,1,0
1026,49434515,5,48,22,0.46,8,1,25,0.52,0.02,0.04,2,1,M,3,3,5,4,4,1
483,49677839,5,36,0,0.00,8,4,32,0.89,0.11,0.37,4,4,F,3,4,3,5,2,0
181,49696819,6,41,2,0.05,2,11,28,0.68,0.27,0.06,0,5,F,3,3,5,3,4,0
85,49818978,6,46,20,0.43,8,8,18,0.39,0.17,0.09,7,3,M,3,3,5,4,2,0
202,49821455,6,55,22,0.40,2,2,31,0.56,0.04,0.02,1,5,M,3,1,1,1,1,1
437,49895848,6,44,18,0.41,7,7,19,0.43,0.16,0.12,4,2,M,3,2,3,4,5,0
198,49902012,6,55,1,0.02,3,2,52,0.95,0.04,0.02,6,4,M,2,1,3,4,2,0
1030,49917365,6,43,3,0.07,2,2,38,0.88,0.05,0.13,10,3,F,2,4,3,2,5,0
422,49919557,6,43,2,0.05,7,3,38,0.88,0.07,0.02,6,4,F,3,5,3,4,4,0
796,49987834,6,30,2,0.07,10,1,27,0.90,0.03,0.08,13,5,M,2,3,5,5,3,0
494,50074105,6,94,14,0.15,9,4,76,0.81,0.04,0.11,0,2,F,3,5,4,1,1,1
706,50165359,6,2,2,1.00,2,0,0,0.00,0.00,0.00,2,2,F,2,1,2,3,5,0
1079,50396874,6,54,2,0.04,6,0,52,0.96,0.00,0.01,3,5,M,2,2,4,5,3,0
1146,50472579,6,43,2,0.05,11,1,40,0.93,0.02,0.16,4,2,F,2,5,4,4,1,0
853,50544869,6,29,19,0.66,6,3,7,0.24,0.10,0.23,3,3,F,2,4,2,2,1,1
959,50556393,6,46,8,0.17,12,3,35,0.76,0.07,0.09,0,1,M,2,1,2,5,2,0
519,50569676,6,19,2,0.11,3,2,15,0.79,0.11,0.03,3,3,M,2,1,5,5,1,1
387,50658069,6,3,0,0.00,5,0,3,1.00,0.00,0.11,0,4,M,3,3,4,2,2,0
748,50780166,6,34,6,0.18,12,1,27,0.79,0.03,0.31,7,5,M,3,5,5,5,5,1
816,50926255,6,6,4,0.67,9,0,2,0.33,0.00,0.40,1,5,F,3,1,3,1,1,1
401,51024858,6,108,3,0.03,10,22,83,0.77,0.20,0.26,4,1,F,3,2,5,3,4,0
917,51220854,6,90,26,0.29,2,1,63,0.70,0.01,0.49,6,4,M,3,4,1,4,3,0
497,51369847,6,43,3,0.07,12,14,26,0.60,0.33,1.16,3,3,F,2,2,1,3,2,0
745,51433061,6,19,2,0.11,3,2,15,0.79,0.11,0.03,5,3,F,3,1,1,2,2,0
616,51517600,6,46,15,0.33,2,4,27,0.59,0.09,0.00,3,2,M,2,5,4,4,3,0
310,51611975,6,47,13,0.28,8,10,24,0.51,0.21,0.08,3,1,F,2,5,4,5,1,0
77,51655458,6,94,62,0.66,11,22,10,0.11,0.23,0.10,2,3,F,2,5,2,2,3,1
1100,51787301,6,44,11,0.25,8,4,29,0.66,0.09,0.02,1,3,M,3,3,3,4,5,1
576,52004542,6,6,2,0.33,2,1,3,0.50,0.17,0.09,7,5,M,2,1,3,4,4,0
341,52140256,6,25,10,0.40,9,3,12,0.48,0.12,0.26,3,1,M,2,4,1,5,2,0
922,52211327,6,59,18,0.31,8,4,37,0.63,0.07,0.07,9,5,M,2,2,1,4,4,0
298,52228699,6,79,14,0.18,2,25,40,0.51,0.32,0.02,1,2,F,2,3,1,5,1,0
906,52398353,6,3,1,0.33,11,0,2,0.67,0.00,0.54,9,1,F,3,3,5,4,1,0
526,52538460,6,1,0,0.00,12,0,1,1.00,0.00,0.01,9,5,M,2,1,2,4,4,1
103,52667527,6,65,27,0.42,3,0,38,0.58,0.00,0.21,4,5,F,2,3,4,3,2,1
646,52687410,6,22,10,0.45,11,2,10,0.45,0.09,0.09,9,3,F,2,2,4,3,3,0
264,52688899,6,101,7,0.07,4,26,68,0.67,0.26,0.06,4,1,M,3,4,3,4,1,0
542,52702333,6,88,29,0.33,7,14,45,0.51,0.16,0.03,0,3,F,3,5,5,2,3,1
884,52819857,6,19,2,0.11,8,0,17,0.89,0.00,0.13,8,1,M,2,1,1,5,4,0
468,52871062,6,42,37,0.88,5,1,4,0.10,0.02,0.11,2,2,M,3,3,2,2,1,1
586,52874994,6,104,1,0.01,11,3,100,0.96,0.03,0.07,7,5,M,2,3,3,4,3,1
979,52986357,6,22,9,0.41,5,4,9,0.41,0.18,0.28,3,3,M,3,1,5,5,2,1
1041,53123097,6,7,2,0.29,4,0,5,0.71,0.00,0.09,4,4,M,2,3,5,4,1,0
449,53195713,6,64,42,0.66,8,16,6,0.09,0.25,0.18,3,2,F,2,3,3,1,3,1
385,53393980,6,16,2,0.13,6,2,12,0.75,0.13,0.02,3,1,F,3,1,5,2,1,1
843,53483270,6,17,8,0.47,5,3,6,0.35,0.18,0.13,3,3,M,1,1,5,2,4,0
410,53528811,6,49,2,0.04,8,5,42,0.86,0.10,0.01,7,1,F,1,2,2,3,3,1
444,53647636,6,33,2,0.06,8,5,26,0.79,0.15,0.08,5,3,F,1,4,2,4,5,0
914,53650659,6,54,4,0.07,3,15,35,0.65,0.28,0.10,8,1,M,2,5,2,2,5,0
948,53889052,6,54,36,0.67,9,15,3,0.06,0.28,3.31,5,5,F,2,2,3,1,1,1
1,54041983,6,119,59,0.50,11,37,23,0.19,0.31,0.00,9,5,F,2,3,2,1,2,1
1081,54046145,6,40,13,0.33,11,12,15,0.38,0.30,0.04,7,5,M,1,5,4,2,3,1
631,54070971,6,74,15,0.20,6,14,45,0.61,0.19,0.05,10,3,M,2,3,4,5,3,1
715,54109330,6,6,2,0.33,12,1,3,0.50,0.17,0.02,8,4,M,2,3,4,3,3,1
1037,54193844,6,45,15,0.33,7,9,21,0.47,0.20,0.15,3,3,F,2,4,4,4,3,1
492,54265396,6,91,30,0.33,8,2,59,0.65,0.02,0.04,5,3,M,2,4,5,2,2,1
627,54294945,6,41,16,0.39,9,5,20,0.49,0.12,0.02,5,5,F,2,5,5,2,1,1
951,54303713,6,22,9,0.41,10,1,12,0.55,0.05,0.06,5,4,F,1,2,4,1,1,1
317,54582806,6,40,16,0.40,11,1,23,0.58,0.03,0.10,3,3,M,1,5,2,1,2,1
1029,54583188,6,48,19,0.40,9,14,15,0.31,0.29,0.10,5,3,F,1,2,4,3,2,1
1065,54680780,6,91,60,0.66,2,9,22,0.24,0.10,0.18,2,1,M,2,1,3,5,2,1
455,54744525,6,55,18,0.33,4,5,32,0.58,0.09,0.23,4,3,M,1,4,4,1,2,1
431,54779731,6,102,10,0.10,11,8,84,0.82,0.08,0.54,8,3,M,1,1,5,3,2,1
71,54827511,6,51,17,0.33,5,14,20,0.39,0.27,0.07,2,1,F,2,2,3,1,2,1
778,54875192,6,57,38,0.67,10,1,18,0.32,0.02,0.26,6,4,F,1,4,2,3,3,1
348,54881015,6,113,56,0.50,7,5,52,0.46,0.04,1.67,8,3,M,2,2,1,1,1,1
533,54883555,6,67,44,0.66,2,4,19,0.28,0.06,0.06,6,1,F,2,2,3,1,2,1
1055,54908267,6,38,25,0.66,8,11,2,0.05,0.29,0.10,2,1,F,2,2,3,5,1,1
500,55061040,6,33,13,0.39,3,2,18,0.55,0.06,0.02,3,1,M,1,4,3,1,1,1
624,55169383,6,105,70,0.67,2,27,8,0.08,0.26,0.44,9,5,F,2,3,5,2,2,1
885,55197078,6,37,14,0.38,4,3,20,0.54,0.08,0.10,3,5,F,1,2,1,3,1,1
1123,55207311,6,32,12,0.38,5,6,14,0.44,0.19,0.16,8,2,M,2,2,5,1,2,1
277,55243376,6,112,74,0.66,12,0,38,0.34,0.00,0.06,1,1,M,1,5,1,2,1,1
504,55315588,6,90,36,0.40,8,29,25,0.28,0.32,0.32,1,4,F,1,2,1,1,1,1
800,55324010,6,8,4,0.50,10,0,4,0.50,0.00,0.13,3,2,F,2,4,5,5,2,1
983,55562740,6,75,11,0.15,7,0,64,0.85,0.00,0.03,1,3,M,1,1,1,1,1,1
303,55582684,6,83,27,0.33,6,16,40,0.48,0.19,0.25,3,4,F,2,5,1,5,2,1
1027,55621985,6,108,72,0.67,2,6,30,0.28,0.06,0.05,9,4,F,1,3,4,1,1,1
427,55631340,6,63,7,0.11,7,11,45,0.71,0.17,0.08,3,5,M,2,4,2,3,1,1
249,55761844,6,19,12,0.63,3,0,7,0.37,0.00,0.30,2,5,F,2,4,3,2,2,1
396,55916851,6,14,7,0.50,6,5,2,0.14,0.36,1.53,4,5,F,1,2,3,5,1,1
1060,56183083,6,95,63,0.66,12,11,21,0.22,0.12,0.06,5,4,M,1,4,2,2,2,1
672,56187942,6,63,42,0.67,12,12,9,0.14,0.19,0.06,10,4,M,2,4,1,1,1,1
475,56198789,6,65,27,0.42,7,7,31,0.48,0.11,0.14,5,4,F,2,3,5,2,1,1
511,56299715,6,92,24,0.26,12,10,58,0.63,0.11,0.80,3,1,F,2,5,1,1,3,0
132,56325642,6,12,3,0.25,12,0,9,0.75,0.00,0.11,5,1,M,2,5,5,3,5,1
162,56513441,6,86,17,0.20,8,22,47,0.55,0.26,0.07,9,3,F,2,4,2,1,2,1
512,56525774,6,27,2,0.07,4,7,18,0.67,0.26,0.12,3,4,M,1,3,5,4,1,1
732,56694425,6,55,18,0.33,4,14,23,0.42,0.25,0.14,1,5,M,1,3,2,2,2,1
608,56756716,6,42,20,0.48,2,7,15,0.36,0.17,0.12,10,3,M,1,3,4,5,4,0
1009,56950975,6,72,3,0.04,10,22,47,0.65,0.31,0.09,10,4,M,2,5,5,2,2,1
256,56982877,6,6,0,0.00,2,0,6,1.00,0.00,0.11,3,2,M,2,4,1,3,5,0
23,57134985,6,94,13,0.14,2,4,77,0.82,0.04,0.08,4,1,M,1,3,1,1,1,1
724,57196111,6,100,12,0.12,7,28,60,0.60,0.28,0.05,0,3,M,1,4,2,5,4,0
269,57266308,7,50,0,0.00,8,9,41,0.82,0.18,0.11,0,2,M,1,3,1,5,3,1
442,57540185,7,73,48,0.66,2,2,23,0.32,0.03,0.43,5,4,M,2,3,4,3,1,1
421,57611268,7,95,34,0.36,3,23,38,0.40,0.24,0.06,11,5,M,1,1,2,1,5,0
799,57645800,7,61,4,0.07,5,3,54,0.89,0.05,0.85,8,4,M,2,5,1,3,4,0
195,57710486,7,52,21,0.40,7,3,28,0.54,0.06,0.06,0,3,M,2,1,4,5,5,0
191,57721350,7,86,32,0.37,6,0,54,0.63,0.00,0.11,1,1,M,1,3,2,5,3,0
743,57868316,7,87,16,0.18,11,2,69,0.79,0.02,0.16,3,5,M,2,2,4,2,2,1
1063,57952482,7,100,28,0.28,7,12,60,0.60,0.12,0.02,1,2,M,1,4,4,5,5,0
89,58096230,7,54,9,0.17,10,11,34,0.63,0.20,0.02,11,4,M,1,2,3,2,5,0
747,58206749,7,60,27,0.45,3,7,26,0.43,0.12,0.14,5,3,M,1,2,3,2,1,0
612,58247376,7,28,15,0.54,2,0,13,0.46,0.00,0.09,8,4,M,1,2,4,1,4,0
655,58282189,7,4,4,1.00,4,0,0,0.00,0.00,0.07,4,4,M,1,3,1,3,1,0
772,58294092,7,48,0,0.00,12,2,46,0.96,0.04,0.06,3,1,M,1,4,4,4,5,1
773,58389018,7,72,10,0.14,2,9,53,0.74,0.13,0.02,8,4,M,2,4,4,4,3,1
710,58393518,7,87,6,0.07,9,17,64,0.74,0.20,0.16,7,1,M,1,3,4,2,1,1
691,58439673,7,17,0,0.00,6,4,13,0.76,0.24,0.12,3,5,M,1,2,2,3,2,1
831,58449748,7,30,3,0.10,5,4,23,0.77,0.13,0.03,1,5,M,2,5,5,2,2,1
278,58510500,7,109,10,0.09,10,6,93,0.85,0.06,0.08,1,2,M,1,4,2,2,4,0
650,58594093,7,54,0,0.00,10,14,40,0.74,0.26,0.05,3,2,M,2,5,1,3,2,1
757,58601581,7,43,0,0.00,4,2,41,0.95,0.05,0.07,3,3,M,1,5,4,1,5,0
70,58760796,7,70,9,0.13,4,4,57,0.81,0.06,0.03,10,1,M,1,1,3,3,5,0
841,58925784,7,115,32,0.28,12,27,56,0.49,0.23,3.20,5,5,M,1,5,3,5,1,0
29,58964775,7,14,7,0.50,9,2,5,0.36,0.14,0.04,13,1,M,2,2,3,2,3,0
67,59066163,9,111,16,0.14,8,17,78,0.70,0.15,0.08,4,1,F,2,5,3,2,3,1
855,59155063,9,22,12,0.55,8,0,10,0.45,0.00,0.09,10,3,F,2,3,4,1,1,1
262,59248716,9,130,43,0.33,3,5,82,0.63,0.04,0.12,3,1,M,3,5,3,4,2,1
897,59337146,9,31,15,0.48,8,4,12,0.39,0.13,0.09,4,1,M,3,3,3,3,3,1
664,59474999,9,126,63,0.50,4,35,28,0.22,0.28,0.07,6,2,M,3,1,3,1,1,1
1046,59732699,9,96,3,0.03,3,3,90,0.94,0.03,0.10,1,4,F,1,4,1,5,5,0
903,59761825,9,134,3,0.02,8,28,103,0.77,0.21,0.15,6,3,F,2,4,2,1,4,0
845,59802020,9,14,5,0.36,8,2,7,0.50,0.14,0.14,5,2,F,3,1,4,1,4,0
516,59848513,9,100,27,0.27,2,8,65,0.65,0.08,0.72,8,1,M,2,3,2,3,4,0
770,59884554,9,109,43,0.39,6,29,37,0.34,0.27,0.12,10,4,M,1,1,2,1,1,1
74,59964874,9,105,1,0.01,3,1,103,0.98,0.01,0.09,8,4,F,1,5,2,4,4,0
695,59990083,9,78,4,0.05,3,6,68,0.87,0.08,0.13,7,3,F,3,4,4,5,5,0
572,59994696,9,139,5,0.04,8,16,118,0.85,0.12,0.41,10,4,M,2,5,2,5,5,0
139,60127285,9,102,5,0.05,2,14,83,0.81,0.14,0.06,11,4,M,2,5,2,3,5,0
377,60283470,9,143,37,0.26,2,29,77,0.54,0.20,0.07,4,3,M,3,3,5,5,5,0
134,60376844,9,163,4,0.02,8,39,120,0.74,0.24,0.20,0,5,F,3,3,3,2,4,0
1006,60397954,9,49,5,0.10,7,10,34,0.69,0.20,0.17,6,5,F,2,3,1,2,4,0
80,60455023,9,107,26,0.24,2,8,73,0.68,0.07,0.90,2,3,F,2,3,2,1,5,0
834,60589818,7,47,9,0.19,8,7,31,0.66,0.15,0.02,8,4,F,1,2,2,4,2,1
532,60686922,7,119,19,0.16,11,14,86,0.72,0.12,0.43,11,1,F,1,1,3,3,3,0
968,60709150,7,112,6,0.05,5,34,72,0.64,0.30,0.04,8,3,M,1,4,2,5,4,0
233,60757974,7,1,1,1.00,3,0,0,0.00,0.00,0.23,12,5,F,1,4,1,3,2,0
854,60789784,7,48,0,0.00,2,13,35,0.73,0.27,0.08,3,1,F,1,2,4,4,4,0
686,60837225,7,97,10,0.10,2,6,81,0.84,0.06,0.15,12,4,M,1,2,2,1,1,0
40,60917331,7,72,18,0.25,3,19,35,0.49,0.26,0.08,11,4,M,2,3,4,1,5,0
120,60982541,7,47,5,0.11,11,14,28,0.60,0.30,0.03,2,5,F,1,5,5,5,1,1
375,61031957,7,100,21,0.21,2,11,68,0.68,0.11,0.05,6,2,F,2,1,2,3,3,0
1105,61042834,7,26,17,0.65,6,7,2,0.08,0.27,0.12,7,4,M,2,2,3,2,1,1
4,61423534,7,6,0,0.00,4,1,5,0.83,0.17,0.32,2,2,F,1,4,3,4,2,0
206,61461592,7,89,44,0.49,4,14,31,0.35,0.16,0.33,4,3,F,1,1,5,1,2,1
126,61470896,7,63,18,0.29,6,16,29,0.46,0.25,0.17,13,2,M,2,1,4,3,2,0
729,61545670,7,25,0,0.00,5,6,19,0.76,0.24,0.07,12,2,F,1,2,4,2,4,0
898,61754389,7,96,36,0.38,8,21,39,0.41,0.22,0.06,4,3,F,1,5,2,3,1,0
265,61817489,7,82,10,0.12,3,7,65,0.79,0.09,0.04,5,1,M,1,2,2,1,5,0
271,61888066,7,119,38,0.32,2,26,55,0.46,0.22,0.09,1,3,M,1,3,3,2,1,0
244,61964677,7,113,75,0.66,7,24,14,0.12,0.21,0.00,15,4,M,1,5,4,2,1,1
506,62132797,7,110,35,0.32,4,0,75,0.68,0.00,0.10,5,4,F,1,5,1,5,4,0
284,62186544,7,32,16,0.50,4,8,8,0.25,0.25,5.56,13,1,F,1,5,2,3,2,1
810,62224540,7,47,31,0.66,8,3,13,0.28,0.06,0.31,10,3,F,1,5,4,5,1,1
1143,62377799,7,26,0,0.00,4,4,22,0.85,0.15,1.02,3,2,M,3,2,1,5,5,0
924,62381394,7,92,61,0.66,10,19,12,0.13,0.21,0.64,3,4,M,1,5,5,5,1,1
236,62457750,7,11,3,0.27,11,0,8,0.73,0.00,0.08,6,4,F,2,5,1,5,3,0
1116,62581380,7,50,9,0.18,10,15,26,0.52,0.30,0.31,8,4,F,2,5,3,1,3,0
27,62591829,7,119,46,0.39,5,28,45,0.38,0.24,0.07,10,1,M,1,2,1,1,2,1
329,62623334,7,80,19,0.24,7,1,60,0.75,0.01,0.14,11,5,M,3,5,4,4,4,0
69,62656900,7,27,18,0.67,7,2,7,0.26,0.07,0.01,11,3,M,1,1,5,4,2,1
599,62670556,7,39,14,0.36,10,3,22,0.56,0.08,0.50,13,4,F,1,1,2,4,1,0
680,62732651,7,15,0,0.00,3,0,15,1.00,0.00,0.06,11,5,F,2,3,5,1,4,0
594,62790762,7,17,1,0.06,10,5,11,0.65,0.29,0.22,1,4,F,3,5,1,3,4,0
117,63087465,7,84,3,0.04,9,0,81,0.96,0.00,0.02,4,4,M,3,2,5,3,1,0
356,63288797,7,1,1,1.00,2,0,0,0.00,0.00,0.07,5,1,M,1,4,5,1,4,0
76,63348967,7,28,0,0.00,10,8,20,0.71,0.29,0.08,11,5,F,3,1,3,2,2,0
1062,63405297,7,73,30,0.41,4,13,30,0.41,0.18,0.24,0,3,F,3,5,2,1,1,1
499,63465166,7,36,1,0.03,8,9,26,0.72,0.25,0.83,3,3,M,2,2,3,2,4,0
776,63468017,7,111,74,0.67,12,15,22,0.20,0.14,0.08,6,1,M,2,4,3,2,2,1
413,63480785,7,11,3,0.27,4,0,8,0.73,0.00,1.92,10,1,M,2,3,2,3,5,0
880,63542453,7,46,17,0.37,11,6,23,0.50,0.13,0.15,3,3,F,2,2,3,3,3,0
141,63664797,7,109,16,0.15,10,13,80,0.73,0.12,0.02,11,1,F,1,5,2,5,2,0
866,63809999,7,116,16,0.14,8,12,88,0.76,0.10,0.01,7,4,F,1,2,2,5,5,0
690,64090817,7,57,1,0.02,3,10,46,0.81,0.18,0.08,10,2,M,1,3,2,1,4,0
842,64181858,7,41,21,0.51,4,4,16,0.39,0.10,0.04,10,3,M,3,1,1,4,1,0
167,64286430,7,116,32,0.28,12,6,78,0.67,0.05,0.08,2,1,F,2,2,2,5,1,0
55,64620670,7,62,19,0.31,2,10,33,0.53,0.16,0.05,15,2,F,1,3,3,2,4,0
744,64786853,7,65,8,0.12,9,20,37,0.57,0.31,0.04,5,4,M,1,3,5,1,3,0
977,64801917,7,39,19,0.49,6,9,11,0.28,0.23,0.11,6,4,M,2,2,3,1,3,1
261,64865104,7,75,16,0.21,5,2,57,0.76,0.03,0.12,4,1,M,2,4,1,2,2,0
1103,65105612,7,35,6,0.17,9,5,24,0.69,0.14,0.13,1,5,F,1,2,4,3,5,1
295,65168499,7,8,3,0.38,11,0,5,0.63,0.00,0.06,6,4,F,3,3,1,3,2,0
736,65197132,7,116,27,0.23,2,23,66,0.57,0.20,0.04,2,3,F,2,3,2,3,2,0
331,65282089,7,66,27,0.41,7,12,27,0.41,0.18,0.06,1,4,M,3,4,2,5,1,0
988,65336917,10,133,5,0.04,4,5,123,0.92,0.04,0.01,6,4,M,3,2,4,2,5,0
515,65411941,10,171,5,0.03,3,3,163,0.95,0.02,0.06,8,3,F,2,1,3,2,5,0
97,65485866,10,38,5,0.13,2,0,33,0.87,0.00,0.28,2,3,F,2,1,3,1,4,0
52,65495533,10,31,5,0.16,5,3,23,0.74,0.10,0.08,1,2,M,2,5,5,2,4,0
923,65515667,10,113,6,0.05,2,12,95,0.84,0.11,0.05,7,1,M,3,1,4,5,5,0
226,65539807,10,94,25,0.27,2,0,69,0.73,0.00,0.04,6,2,M,2,4,1,2,4,0
200,65660411,10,53,0,0.00,3,6,47,0.89,0.11,1.67,3,2,F,3,1,1,5,4,0
807,65706238,10,123,2,0.02,4,3,118,0.96,0.02,0.18,8,2,F,2,5,3,4,4,0
170,65856669,10,164,3,0.02,3,1,160,0.98,0.01,0.22,2,3,F,3,1,2,5,4,0
936,65974331,10,16,2,0.13,3,1,13,0.81,0.06,0.11,7,4,M,2,3,3,4,5,0
925,66030467,10,184,0,0.00,3,22,162,0.88,0.12,1.44,4,4,M,2,4,4,1,5,0
549,66071450,10,161,3,0.02,5,18,140,0.87,0.11,0.07,4,2,F,2,3,5,4,5,0
761,66096392,10,119,0,0.00,7,17,102,0.86,0.14,0.51,5,5,F,2,2,1,5,5,0
92,66301990,10,170,3,0.02,2,0,167,0.98,0.00,0.00,6,5,M,3,5,3,4,4,0
577,66449576,10,154,43,0.28,3,11,100,0.65,0.07,0.02,5,1,M,2,3,3,1,4,0
934,66465115,10,22,0,0.00,2,0,22,1.00,0.00,3.76,6,1,M,2,3,3,1,5,0
916,66467477,10,12,3,0.25,2,0,9,0.75,0.00,0.68,2,3,F,3,2,2,2,4,0
267,66554742,10,57,2,0.04,4,8,47,0.82,0.14,0.14,9,4,F,3,2,5,3,1,0
147,66626055,10,148,30,0.20,2,7,111,0.75,0.05,0.17,2,2,F,3,1,5,4,1,0
214,66683124,10,56,2,0.04,7,3,51,0.91,0.05,0.08,6,1,M,2,5,4,4,1,0
213,66689776,10,52,5,0.10,5,7,40,0.77,0.13,0.34,2,3,M,2,3,5,4,3,0
297,66717646,10,100,1,0.01,3,14,85,0.85,0.14,0.16,10,2,F,2,4,2,4,4,0
234,66819158,10,9,1,0.11,2,0,8,0.89,0.00,0.10,7,2,F,3,4,1,4,5,0
1061,66823630,10,47,5,0.11,3,2,40,0.85,0.04,0.10,7,1,M,2,3,3,4,4,0
1092,66976293,10,41,6,0.15,2,2,33,0.80,0.05,0.12,2,2,M,2,5,3,4,4,0
889,67229742,7,19,4,0.21,9,1,14,0.74,0.05,0.11,6,5,M,2,5,5,4,1,0
1067,67310285,7,18,3,0.17,8,4,11,0.61,0.22,0.11,1,4,F,2,5,4,1,3,0
240,67334096,7,117,12,0.10,10,10,95,0.81,0.09,0.12,9,2,F,1,1,3,5,2,0
545,67493610,7,34,8,0.24,3,4,22,0.65,0.12,0.02,6,4,M,1,3,3,3,1,0
1036,67602492,7,29,0,0.00,12,8,21,0.72,0.28,0.08,1,2,M,3,2,4,1,4,0
581,67661948,7,39,0,0.00,5,10,29,0.74,0.26,0.04,11,1,M,1,4,2,3,5,0
409,67895513,7,44,8,0.18,7,10,26,0.59,0.23,0.36,5,5,F,2,4,4,1,4,0
270,67937807,7,74,0,0.00,9,23,51,0.69,0.31,0.05,2,1,F,1,4,4,2,2,0
467,68005113,7,92,28,0.30,5,25,39,0.42,0.27,0.14,9,2,F,2,1,2,1,5,0
1119,68105649,7,9,3,0.33,12,0,6,0.67,0.00,0.15,1,4,M,2,2,2,4,3,0
1064,68177989,7,84,13,0.15,9,15,56,0.67,0.18,0.14,0,4,M,1,1,3,1,3,0
626,68179677,7,8,4,0.50,9,1,3,0.38,0.13,0.08,4,2,F,1,4,2,3,3,0
194,68242875,7,21,0,0.00,8,1,20,0.95,0.05,0.04,8,1,F,3,4,2,2,2,0
190,68346706,7,84,3,0.04,2,9,72,0.86,0.11,0.19,15,5,M,1,3,1,2,5,0
110,68355565,7,111,14,0.13,6,17,80,0.72,0.15,0.08,15,3,M,2,3,5,2,3,0
826,68493924,7,16,6,0.38,9,0,10,0.63,0.00,0.08,3,3,M,2,1,3,4,2,0
777,68585144,7,116,77,0.66,6,12,27,0.23,0.10,0.08,0,3,F,3,1,1,2,1,1
899,68610040,7,58,13,0.22,10,5,40,0.69,0.09,4.70,2,1,F,2,5,1,2,1,0
366,68880207,7,105,27,0.26,7,5,73,0.70,0.05,0.09,4,1,F,1,5,5,4,1,0
569,68987401,7,117,11,0.09,2,18,88,0.75,0.15,0.19,2,2,M,3,5,1,3,1,0
469,69164311,7,90,17,0.19,8,23,50,0.56,0.26,0.08,2,5,M,1,1,4,4,1,1
260,69321994,7,106,5,0.05,3,10,91,0.86,0.09,0.26,5,1,F,1,1,1,2,2,0
1085,69442601,7,92,19,0.21,7,19,54,0.59,0.21,0.30,2,2,F,2,3,4,5,5,0
88,69579005,7,49,0,0.00,2,7,42,0.86,0.14,0.04,15,4,M,2,5,2,1,1,0
694,69592069,7,53,28,0.53,2,10,15,0.28,0.19,0.10,7,4,M,1,2,2,2,1,1
1113,69603001,7,2,2,1.00,11,0,0,0.00,0.00,0.39,7,5,M,2,1,3,2,2,1
1050,69610832,9,29,17,0.59,4,1,11,0.38,0.03,0.16,1,3,M,1,4,1,4,4,0
280,69621094,9,32,24,0.75,7,1,7,0.22,0.03,0.18,5,3,M,3,5,1,3,4,0
25,69651747,9,158,5,0.03,7,33,120,0.76,0.21,0.03,10,1,F,2,3,5,3,4,0
1150,69680216,9,137,5,0.04,2,0,132,0.96,0.00,0.37,2,1,F,1,3,1,3,4,0
1016,69711496,9,104,34,0.33,8,10,60,0.58,0.10,0.07,11,2,M,3,3,1,4,2,1
183,69932792,9,155,4,0.03,8,1,150,0.97,0.01,0.01,1,4,M,2,2,3,1,5,0
1148,69976671,9,139,4,0.03,4,20,115,0.83,0.14,0.20,9,3,M,1,2,4,2,5,0
600,69978788,9,16,4,0.25,7,2,10,0.63,0.13,0.13,2,4,F,1,5,5,2,5,0
484,70017975,9,42,33,0.79,8,1,8,0.19,0.02,0.00,2,4,F,3,2,4,3,5,0
993,70051943,9,8,5,0.63,3,0,3,0.38,0.00,0.08,7,1,F,3,1,1,4,4,0
461,70126017,9,199,0,0.00,2,19,180,0.90,0.10,0.10,11,1,M,3,1,3,4,4,0
893,70136294,9,73,5,0.07,3,0,68,0.93,0.00,0.08,2,1,M,3,4,2,4,5,0
219,70186408,9,179,5,0.03,7,24,150,0.84,0.13,0.11,8,2,F,3,1,4,1,4,0
595,70482832,9,182,5,0.03,7,33,144,0.79,0.18,0.06,9,2,F,2,5,2,2,4,0
999,70806670,9,126,4,0.03,3,23,99,0.79,0.18,0.06,9,1,M,1,5,1,3,4,0
224,70822168,9,40,0,0.00,3,9,31,0.78,0.23,0.09,4,1,M,3,3,4,3,4,0
368,70835079,9,79,4,0.05,3,15,60,0.76,0.19,0.37,9,4,M,3,1,2,1,5,0
290,70879705,9,148,5,0.03,3,0,143,0.97,0.00,0.76,6,2,F,2,1,1,5,5,0
452,70917259,9,75,5,0.07,7,20,50,0.67,0.27,0.16,2,5,F,3,3,1,5,5,0
1053,71001790,9,99,25,0.25,3,18,56,0.57,0.18,0.06,2,5,F,3,1,1,3,5,0
143,71029461,7,25,3,0.12,4,4,18,0.72,0.16,0.23,4,5,F,3,2,4,1,2,0
1127,71220003,7,95,37,0.39,12,6,52,0.55,0.06,0.13,15,2,F,2,3,2,1,4,0
722,71444404,7,11,3,0.27,2,2,6,0.55,0.18,0.03,9,5,F,3,3,1,5,4,0
481,71526231,7,72,8,0.11,7,21,43,0.60,0.29,0.00,8,5,M,3,3,2,1,2,1
237,71575328,7,52,4,0.08,3,12,36,0.69,0.23,0.19,7,1,M,1,3,4,5,4,0
291,71606945,7,18,4,0.22,5,1,13,0.72,0.06,0.10,1,5,F,3,5,4,1,3,0
299,71639635,7,81,9,0.11,7,2,70,0.86,0.02,0.15,8,2,F,3,3,1,3,4,0
674,71732174,7,29,3,0.10,2,5,21,0.72,0.17,0.09,1,1,M,3,1,5,3,4,0
902,71852639,7,92,35,0.38,3,22,35,0.38,0.24,0.05,7,2,M,2,3,4,3,4,0
15,71934787,7,37,8,0.22,8,0,29,0.78,0.00,0.01,1,2,M,3,3,3,3,4,0
840,72043505,7,75,2,0.03,3,10,63,0.84,0.13,0.13,9,2,F,3,5,3,5,3,0
1097,72396106,7,33,16,0.48,11,2,15,0.45,0.06,0.05,5,4,F,3,5,2,5,3,0
144,72409563,7,31,0,0.00,2,10,21,0.68,0.32,0.14,0,5,F,3,3,4,5,3,0
395,72590843,7,117,15,0.13,3,34,68,0.58,0.29,0.09,8,5,M,2,5,1,1,4,0
921,72613147,7,101,67,0.66,12,28,6,0.06,0.28,0.04,8,4,M,2,2,2,1,3,1
370,72762117,7,66,11,0.17,2,19,36,0.55,0.29,0.26,3,3,F,3,1,1,1,4,0
833,72839336,7,25,2,0.08,9,2,21,0.84,0.08,0.10,1,5,F,1,2,5,4,4,1
851,72849490,7,32,2,0.06,9,1,29,0.91,0.03,0.03,2,4,M,1,1,1,2,4,1
561,72919891,7,78,3,0.04,2,27,48,0.62,0.35,0.03,1,2,M,3,4,5,2,4,0
26,72958377,7,80,22,0.28,2,13,45,0.56,0.16,0.08,2,1,M,3,3,5,4,4,0
390,73025300,7,90,5,0.06,3,12,73,0.81,0.13,0.17,15,2,F,2,2,1,4,4,0
505,73035055,7,111,22,0.20,11,24,65,0.59,0.22,0.00,11,2,F,2,2,5,4,3,0
493,73113647,9,146,75,0.51,2,12,59,0.40,0.08,0.23,1,5,M,1,3,2,2,4,0
215,73135255,9,19,7,0.37,4,4,8,0.42,0.21,0.01,1,4,M,3,5,5,3,3,1
784,73174081,9,120,18,0.15,7,20,82,0.68,0.17,0.07,2,3,F,3,1,4,4,4,0
635,73190856,9,78,4,0.05,7,20,54,0.69,0.26,0.07,3,1,F,2,2,3,2,5,0
436,73252008,9,56,2,0.04,4,4,50,0.89,0.07,0.04,5,3,M,1,3,5,2,4,0
583,73297374,9,9,4,0.44,3,0,5,0.56,0.00,0.00,3,3,M,3,5,5,3,3,1
662,73419308,9,92,1,0.01,7,5,86,0.93,0.05,0.20,1,3,M,3,4,1,5,4,0
433,73499969,9,102,27,0.26,2,22,53,0.52,0.22,0.44,9,5,F,1,2,3,3,4,0
756,73504233,9,92,4,0.04,7,12,76,0.83,0.13,0.16,4,1,F,1,2,5,1,4,0
65,73682541,9,158,8,0.05,2,16,134,0.85,0.10,1.03,0,4,F,3,3,4,4,5,0
814,73713139,9,161,4,0.02,4,40,117,0.73,0.25,0.35,4,4,M,2,2,1,2,5,0
554,73795236,9,45,1,0.02,7,4,40,0.89,0.09,0.00,8,3,M,1,4,2,1,5,0
99,73948662,9,34,1,0.03,4,7,26,0.76,0.21,0.17,2,2,F,1,4,1,4,5,0
373,74205538,9,66,18,0.27,7,3,45,0.68,0.05,0.03,1,5,F,3,4,3,1,4,0
201,74282142,9,99,2,0.02,4,13,84,0.85,0.13,0.04,8,4,M,3,4,2,4,4,0
384,74411509,9,181,1,0.01,2,28,152,0.84,0.15,0.09,3,2,M,2,4,5,4,5,0
693,74411581,9,82,5,0.06,4,16,61,0.74,0.20,0.01,2,3,M,3,3,4,2,4,0
1018,74430542,9,42,21,0.50,7,6,15,0.36,0.14,0.02,9,4,F,1,1,1,1,1,1
1069,74490657,9,49,5,0.10,7,8,36,0.73,0.16,0.37,6,4,F,3,4,3,1,4,0
1008,74695838,9,138,21,0.15,3,26,91,0.66,0.19,0.03,7,3,F,1,3,3,5,4,0
364,75089340,9,16,4,0.25,7,1,11,0.69,0.06,0.07,3,4,M,1,2,3,3,4,0
357,75113739,9,45,12,0.27,7,6,27,0.60,0.13,0.01,10,3,M,2,5,5,3,5,0
812,75256009,9,154,77,0.50,7,0,77,0.50,0.00,0.03,2,2,F,2,5,1,2,2,1
730,75351513,9,137,4,0.03,2,35,98,0.72,0.26,0.30,0,4,F,1,4,2,5,5,0
388,75431879,9,183,3,0.02,3,34,146,0.80,0.19,0.09,9,3,M,3,1,5,3,5,0
64,75466879,9,21,5,0.24,8,3,13,0.62,0.14,0.63,4,2,M,3,5,5,3,5,0
1107,75666632,9,80,1,0.01,4,19,60,0.75,0.24,0.12,7,2,M,1,4,1,3,4,0
116,75739840,9,161,4,0.02,8,28,129,0.80,0.17,0.55,5,1,F,1,4,5,4,4,0
919,75747013,9,44,11,0.25,5,3,30,0.68,0.07,0.08,2,4,F,1,2,2,5,2,0
334,75811114,9,178,4,0.02,3,1,173,0.97,0.01,0.23,5,4,F,2,3,5,5,5,0
524,75851059,9,47,3,0.06,7,7,37,0.79,0.15,0.09,7,3,M,1,3,3,4,4,0
105,75858896,8,130,71,0.55,2,10,49,0.38,0.08,0.86,4,2,M,2,1,4,3,5,0
130,76046956,8,64,1,0.02,7,12,51,0.80,0.19,0.45,5,2,F,2,2,3,4,2,0
78,76076967,8,133,5,0.04,5,32,96,0.72,0.24,0.22,15,4,F,3,5,1,4,3,1
673,76233701,8,52,0,0.00,3,14,38,0.73,0.27,0.16,2,4,F,1,3,1,2,5,0
713,76344072,8,97,0,0.00,7,32,65,0.67,0.33,0.08,8,4,M,2,1,2,1,4,0
332,76354172,8,128,72,0.56,2,5,51,0.40,0.04,0.17,1,5,M,2,3,3,3,5,0
443,76527785,8,90,0,0.00,4,31,59,0.66,0.34,0.01,0,2,M,2,2,4,4,1,1
927,76543131,8,71,11,0.15,7,6,54,0.76,0.08,0.15,5,3,M,3,2,4,3,3,1
867,76550713,8,155,5,0.03,2,16,134,0.86,0.10,1.18,8,5,F,2,3,2,2,4,0
597,76591665,8,159,63,0.40,7,9,87,0.55,0.06,0.93,2,3,F,2,4,5,2,5,0
163,76628247,8,154,0,0.00,3,49,105,0.68,0.32,0.03,4,2,M,1,3,4,3,4,0
931,76776755,8,20,0,0.00,4,5,15,0.75,0.25,0.08,1,4,F,2,4,2,1,2,1
829,76852664,8,27,5,0.19,3,8,14,0.52,0.30,0.09,2,5,F,2,2,5,3,4,0
801,76888624,8,138,48,0.35,4,18,72,0.52,0.13,0.10,7,2,M,2,4,4,2,4,0
602,77093698,8,132,5,0.04,4,20,107,0.81,0.15,0.09,11,1,F,1,3,3,1,4,0
668,77153588,8,134,0,0.00,5,8,126,0.94,0.06,0.15,7,1,F,2,4,5,1,3,1
915,77206550,8,65,0,0.00,9,17,48,0.74,0.26,0.09,6,5,M,2,2,1,5,3,1
478,77209578,8,157,0,0.00,7,1,156,0.99,0.01,0.06,15,2,M,1,5,5,4,3,1
1101,77317607,8,44,24,0.55,3,2,18,0.41,0.05,0.04,4,1,M,1,3,4,5,3,0
598,77318613,8,61,30,0.49,5,0,31,0.51,0.00,0.11,15,3,M,1,2,3,1,3,1
701,77336629,7,15,4,0.27,3,2,9,0.60,0.13,0.10,2,3,F,1,3,1,3,3,0
553,77511994,7,47,22,0.47,7,5,20,0.43,0.11,0.06,15,2,M,2,1,3,2,3,0
287,77764885,7,41,11,0.27,9,4,26,0.63,0.10,0.10,10,4,M,3,4,5,4,3,0
929,77784999,7,47,0,0.00,7,14,33,0.70,0.30,0.05,2,3,F,3,3,3,2,4,0
939,77841876,7,42,0,0.00,3,1,41,0.98,0.02,0.04,7,2,F,2,2,3,4,4,0
333,77855401,7,30,14,0.47,9,4,12,0.40,0.13,0.58,3,1,M,2,4,3,1,4,1
217,77906937,7,42,0,0.00,4,14,28,0.67,0.33,0.12,1,1,M,1,5,3,4,4,0
247,77947972,7,78,34,0.44,10,14,30,0.38,0.18,0.02,11,3,M,2,4,1,3,2,0
28,78080650,7,12,5,0.42,5,2,5,0.42,0.17,0.04,8,2,F,3,2,4,4,3,1
1052,78163956,7,6,3,0.50,4,0,3,0.50,0.00,0.24,2,3,F,2,2,2,1,1,0
920,78267459,7,98,32,0.33,12,22,44,0.45,0.22,0.04,6,3,F,1,4,3,2,4,0
652,78299821,7,112,17,0.15,4,30,65,0.58,0.27,0.06,10,1,M,1,4,3,5,2,0
11,78315479,7,1,0,0.00,3,0,1,1.00,0.00,0.09,10,4,M,3,3,3,4,1,0
873,78392280,7,15,0,0.00,3,3,12,0.80,0.20,0.11,6,1,F,3,5,1,3,4,0
687,78437477,7,26,0,0.00,10,1,25,0.96,0.04,0.03,2,1,F,2,3,5,5,2,0
283,78447895,7,67,0,0.00,11,7,60,0.90,0.10,0.24,2,3,M,3,3,4,3,1,0
570,78500642,7,74,12,0.16,3,19,43,0.58,0.26,0.12,2,3,M,2,5,2,5,4,0
737,78638968,7,111,36,0.32,10,24,51,0.46,0.22,1.00,2,2,M,3,4,1,4,2,0
347,78648853,7,38,0,0.00,7,7,31,0.82,0.18,0.26,1,2,F,2,4,5,3,1,0
865,78744286,7,24,3,0.13,9,0,21,0.88,0.00,0.16,1,5,F,2,2,5,5,4,1
158,78840705,7,11,0,0.00,8,2,9,0.82,0.18,0.04,3,2,F,3,1,3,4,2,0
193,79024263,7,109,22,0.20,9,16,71,0.65,0.15,0.04,11,4,M,2,4,5,3,1,0
462,79068826,7,109,5,0.05,9,15,89,0.82,0.14,0.03,2,4,M,2,1,4,1,4,1
392,79088647,7,94,36,0.38,10,1,57,0.61,0.01,0.24,2,3,F,3,3,1,1,2,0
704,79092104,7,116,7,0.06,3,42,67,0.58,0.36,0.03,15,5,F,2,4,1,3,4,0
1134,79376671,7,74,14,0.19,2,1,59,0.80,0.01,0.04,11,3,M,2,1,1,1,4,0
197,79396825,7,68,21,0.31,3,11,36,0.53,0.16,0.01,1,1,M,2,3,4,5,4,0
1004,79429453,7,23,0,0.00,10,9,14,0.61,0.39,1.41,5,4,M,1,4,2,4,3,0
404,79530492,7,26,0,0.00,5,7,19,0.73,0.27,0.11,0,4,F,2,3,5,3,3,0
971,79622802,7,7,2,0.29,9,1,4,0.57,0.14,0.11,10,4,F,2,4,1,1,3,0
418,79695539,7,45,0,0.00,3,0,45,1.00,0.00,0.04,6,2,F,2,2,5,1,3,0
830,79845670,7,149,1,0.01,2,26,122,0.82,0.17,0.97,2,5,M,1,1,1,3,4,0
1133,79963990,7,44,0,0.00,4,17,27,0.61,0.39,0.08,1,3,M,1,1,1,5,4,0
207,79964584,7,53,27,0.51,8,6,20,0.38,0.11,0.01,11,3,F,2,3,5,1,4,0
372,80108220,7,7,1,0.14,2,1,5,0.71,0.14,0.04,1,5,F,1,2,4,1,4,0
926,80329826,7,142,29,0.20,3,6,107,0.75,0.04,0.02,8,1,M,1,1,1,3,2,0
363,80399806,7,72,15,0.21,3,18,39,0.54,0.25,0.47,11,3,M,3,2,3,2,1,0
742,80500833,7,48,24,0.50,6,11,13,0.27,0.23,0.11,10,3,M,3,5,3,5,1,1
844,80744161,7,104,12,0.12,7,32,60,0.58,0.31,0.04,4,1,F,1,5,5,2,4,0
647,80903564,7,111,13,0.12,9,34,64,0.58,0.31,0.22,1,2,F,2,5,3,5,2,0
960,80914644,7,148,58,0.39,4,34,56,0.38,0.23,0.06,0,4,F,2,2,2,5,1,0
659,80959092,7,35,9,0.26,3,9,17,0.49,0.26,0.09,10,3,M,1,3,1,3,4,0
289,80969735,7,143,4,0.03,9,12,127,0.89,0.08,0.36,2,5,M,2,2,4,3,2,0
446,81239132,7,52,23,0.44,4,6,23,0.44,0.12,0.22,11,5,F,2,2,2,3,1,0
218,81267407,7,104,20,0.19,7,21,63,0.61,0.20,0.22,11,3,F,3,5,4,2,4,0
969,81335773,7,63,13,0.21,9,0,50,0.79,0.00,0.11,10,1,M,1,5,3,1,2,0
1019,81505183,8,120,5,0.04,7,5,110,0.92,0.04,0.11,4,5,F,3,2,2,3,4,0
787,81549794,8,106,0,0.00,4,12,94,0.89,0.11,0.64,10,2,F,1,5,3,3,4,0
670,81554141,8,113,0,0.00,7,10,103,0.91,0.09,0.11,8,1,M,1,4,1,4,4,0
727,81604042,8,128,5,0.04,7,11,112,0.88,0.09,0.14,1,5,F,2,1,5,2,4,0
72,81992114,8,117,0,0.00,3,18,99,0.85,0.15,0.04,0,5,F,2,4,2,5,2,1
349,82086829,8,142,0,0.00,7,28,114,0.80,0.20,0.27,10,4,M,2,2,2,4,2,1
43,82188041,8,31,11,0.35,6,1,19,0.61,0.03,3.38,9,1,F,2,5,4,2,1,0
781,82206586,8,46,0,0.00,3,13,33,0.72,0.28,0.05,3,4,M,1,5,2,3,4,0
639,82219752,8,85,36,0.42,6,0,49,0.58,0.00,0.35,10,2,M,2,1,5,4,2,0
111,82374614,8,110,0,0.00,8,13,97,0.88,0.12,0.08,7,4,M,2,2,1,4,1,1
435,82722384,8,53,5,0.09,8,5,43,0.81,0.09,0.01,5,4,M,2,3,3,3,5,0
20,82882429,8,48,2,0.04,2,5,41,0.85,0.10,0.09,9,1,M,2,5,3,5,4,0
496,82998304,9,140,21,0.15,5,4,115,0.82,0.03,0.60,7,4,M,2,1,4,1,1,0
189,83154441,9,106,4,0.04,4,1,101,0.95,0.01,0.23,9,2,F,2,1,4,3,1,0
480,83385752,9,77,1,0.01,7,22,54,0.70,0.29,0.28,2,2,F,2,4,2,5,3,0
878,83565759,9,143,71,0.50,7,37,35,0.24,0.26,0.17,6,2,M,3,3,5,2,3,1
862,83585344,9,35,0,0.00,8,4,31,0.89,0.11,0.10,10,2,M,3,2,3,4,1,0
1109,83781938,9,119,32,0.27,5,1,86,0.72,0.01,0.19,4,3,M,2,3,3,2,2,0
315,83918761,9,8,4,0.50,3,0,4,0.50,0.00,0.24,8,2,F,2,1,3,5,5,0
825,84144057,9,132,4,0.03,5,20,108,0.82,0.15,0.19,1,2,F,3,5,2,4,1,0
786,84267579,9,100,1,0.01,8,11,88,0.88,0.11,0.19,0,2,F,3,1,1,4,5,0
253,84325887,9,158,79,0.50,2,20,59,0.37,0.13,0.12,2,1,M,1,3,4,5,1,1
618,84415438,9,198,5,0.03,2,13,180,0.91,0.07,0.11,5,4,M,2,2,3,1,4,0
548,84478610,9,64,4,0.06,8,5,55,0.86,0.08,0.03,2,1,F,3,3,5,2,4,0
552,84604948,9,28,20,0.71,2,1,7,0.25,0.04,0.09,3,5,F,2,2,4,5,4,0
1112,84657901,9,33,0,0.00,6,9,24,0.73,0.27,0.08,4,5,M,1,2,4,1,4,0
751,84668991,9,87,5,0.06,3,16,66,0.76,0.18,0.10,9,5,M,2,2,2,2,5,0
656,84720831,9,175,4,0.02,6,42,129,0.74,0.24,0.50,6,1,M,3,5,1,3,5,0
133,84798994,9,45,34,0.76,4,0,11,0.24,0.00,0.09,9,1,F,1,2,2,2,5,0
1110,84886730,9,88,3,0.03,7,19,66,0.75,0.22,0.09,1,5,F,3,4,3,4,5,0
84,84897356,9,4,1,0.25,3,0,3,0.75,0.00,0.47,7,3,F,1,3,2,5,4,0
173,84916623,9,47,5,0.11,2,2,40,0.85,0.04,0.53,1,5,M,2,3,2,2,4,0
304,84951504,9,106,3,0.03,2,14,89,0.84,0.13,0.03,1,4,M,2,1,1,3,5,0
1047,85434113,9,65,2,0.03,7,1,62,0.95,0.02,0.06,7,3,M,1,1,4,5,5,0
649,85596951,9,38,34,0.89,6,0,4,0.11,0.00,0.28,2,2,M,2,5,1,5,2,0
352,85624580,9,12,3,0.25,8,0,9,0.75,0.00,0.02,5,1,M,3,4,4,5,1,0
311,85672050,9,76,3,0.04,3,13,60,0.79,0.17,0.13,1,3,M,1,1,4,1,1,1
319,85841288,9,138,2,0.01,7,39,97,0.70,0.28,0.03,7,1,M,2,5,1,4,2,1
394,85887493,9,27,5,0.19,4,2,20,0.74,0.07,0.05,1,4,M,2,1,4,1,3,1
591,85898269,9,65,5,0.08,4,17,43,0.66,0.26,0.09,10,3,M,3,3,3,2,5,0
850,85917116,9,58,2,0.03,7,6,50,0.86,0.10,0.31,3,2,M,2,2,1,3,1,1
684,85978422,9,200,0,0.00,7,30,170,0.85,0.15,1.07,2,1,M,1,1,2,2,3,1
86,86004100,9,8,4,0.50,6,0,4,0.50,0.00,0.04,4,2,M,1,1,5,3,5,0
313,86121700,9,170,5,0.03,2,6,159,0.94,0.04,0.09,6,2,M,1,2,1,5,4,0
907,86131552,9,87,4,0.05,7,0,83,0.95,0.00,0.04,9,5,M,2,5,5,4,4,0
24,86215119,9,116,3,0.03,3,1,112,0.97,0.01,0.56,4,5,M,3,2,5,5,4,0
836,86261479,9,101,4,0.04,2,23,74,0.73,0.23,0.11,0,3,M,1,2,2,3,4,0
933,86276195,9,121,6,0.05,2,29,86,0.71,0.24,0.06,1,2,M,3,4,2,4,5,0
419,86319829,9,177,118,0.67,6,7,52,0.29,0.04,0.04,4,1,M,3,5,5,1,1,1
573,86448023,9,118,22,0.19,3,28,68,0.58,0.24,0.04,7,3,M,1,2,3,1,5,0
1120,86468538,9,133,1,0.01,6,15,117,0.88,0.11,0.60,5,1,M,3,5,3,2,5,0
178,86494062,9,73,5,0.07,2,8,60,0.82,0.11,0.21,6,1,M,3,3,2,4,5,0
161,86713843,9,99,4,0.04,3,8,87,0.88,0.08,0.76,2,5,M,1,5,4,4,4,0
251,86798711,9,3,2,0.67,5,0,1,0.33,0.00,0.22,1,1,M,3,5,5,1,2,1
774,86828251,9,35,5,0.14,2,2,28,0.80,0.06,0.02,1,3,M,3,5,1,2,4,0
938,86927610,9,18,5,0.28,3,2,11,0.61,0.11,0.03,9,4,M,3,4,1,5,5,0
908,86935076,9,122,4,0.03,6,22,96,0.79,0.18,0.05,7,3,M,2,1,3,4,4,0
438,86969681,9,142,47,0.33,4,6,89,0.63,0.04,1.82,2,5,M,2,2,2,1,3,1
1010,87278532,9,41,16,0.39,2,3,22,0.54,0.07,0.08,0,1,M,3,4,2,2,3,1
424,87383124,9,143,71,0.50,6,18,54,0.38,0.13,0.00,5,3,F,3,5,2,3,1,1
596,87731626,9,69,34,0.49,3,2,33,0.48,0.03,2.90,5,4,F,3,5,1,3,2,1
992,87850747,9,89,4,0.04,2,11,74,0.83,0.12,0.13,2,5,M,3,4,2,2,4,0
638,87982497,9,11,6,0.55,3,0,5,0.45,0.00,0.04,8,1,M,1,4,1,2,3,1
1132,88046493,9,32,12,0.38,8,1,19,0.59,0.03,0.17,2,5,F,1,1,1,2,1,1
901,88290819,9,102,4,0.04,8,9,89,0.87,0.09,0.08,4,4,F,1,1,4,5,4,0
688,88291736,9,114,1,0.01,4,10,103,0.90,0.09,0.05,5,3,M,1,1,3,4,4,0
996,88327778,9,140,70,0.50,5,0,70,0.50,0.00,0.04,2,5,M,1,4,5,1,1,1
782,88387188,9,102,51,0.50,3,13,38,0.37,0.13,0.07,1,5,M,2,3,1,2,2,1
803,88539609,9,136,4,0.03,3,21,111,0.82,0.15,0.06,1,2,F,3,3,4,4,5,0
6,88634484,9,181,4,0.02,3,0,177,0.98,0.00,0.14,9,4,F,1,5,5,4,5,0
1125,88684921,9,190,38,0.20,3,0,152,0.80,0.00,0.32,7,5,F,3,3,1,1,5,0
339,88830164,9,58,29,0.50,3,3,26,0.45,0.05,0.05,2,3,M,2,1,2,3,3,1
1072,88944054,9,199,99,0.50,4,19,81,0.41,0.10,0.10,0,5,M,1,3,4,1,3,1
949,89012062,9,151,37,0.25,6,14,100,0.66,0.09,0.34,4,3,F,3,1,3,2,5,0
1098,89016022,8,125,2,0.02,6,34,89,0.71,0.27,0.10,11,5,M,3,4,1,2,2,1
209,89202165,8,57,2,0.04,3,4,51,0.89,0.07,0.12,4,4,M,1,4,5,3,1,1
571,89366839,8,113,0,0.00,2,5,108,0.96,0.04,0.51,3,1,M,1,3,3,2,4,0
429,89475390,8,86,0,0.00,7,4,82,0.95,0.05,0.02,5,2,M,2,1,4,2,1,0
557,89480245,8,71,2,0.03,3,15,54,0.76,0.21,0.11,4,3,M,1,2,3,3,5,0
312,89510984,8,124,2,0.02,2,29,93,0.75,0.23,0.14,6,4,M,2,3,4,4,4,0
881,89524260,8,35,5,0.14,4,8,22,0.63,0.23,0.15,4,5,M,1,2,1,4,5,0
457,89642623,8,114,0,0.00,8,0,114,1.00,0.00,0.02,7,1,M,2,2,2,5,1,0
182,89759444,8,60,0,0.00,2,1,59,0.98,0.02,0.07,10,1,M,2,1,2,4,3,0
380,89762330,8,144,55,0.38,7,7,82,0.57,0.05,0.10,10,4,M,2,3,3,1,5,0
792,89874025,10,25,3,0.12,3,3,19,0.76,0.12,0.10,4,4,M,3,2,5,5,4,0
293,89950493,10,137,0,0.00,2,17,120,0.88,0.12,0.06,4,4,F,3,3,3,1,4,0
839,90097963,10,8,3,0.38,2,0,5,0.63,0.00,0.11,10,3,F,2,3,4,5,5,0
137,90145472,10,149,11,0.07,3,6,132,0.89,0.04,0.43,9,1,F,2,3,2,5,5,0
601,90382111,10,61,2,0.03,3,7,52,0.85,0.11,0.99,6,3,M,2,4,5,5,5,0
560,90407786,10,12,2,0.17,7,1,9,0.75,0.08,0.05,5,2,M,3,5,3,1,1,1
250,90457479,10,120,40,0.33,3,17,63,0.53,0.14,0.08,3,2,F,2,1,3,3,1,1
806,90498413,10,106,5,0.05,4,13,88,0.83,0.12,0.13,6,5,F,2,5,5,2,5,0
507,90542332,10,140,46,0.33,6,4,90,0.64,0.03,0.23,1,3,M,3,5,4,3,2,1
148,90663665,10,161,5,0.03,7,7,149,0.93,0.04,0.31,6,4,M,2,5,2,5,4,0
847,90826415,10,85,1,0.01,3,10,74,0.87,0.12,0.02,8,5,M,3,2,4,4,4,0
408,90898198,10,162,1,0.01,7,12,149,0.92,0.07,0.11,4,5,F,3,2,4,5,5,0
146,90951923,10,11,5,0.45,4,0,6,0.55,0.00,0.15,7,3,F,2,1,5,1,4,0
860,90996206,10,180,5,0.03,3,3,172,0.96,0.02,0.06,0,3,F,3,1,5,2,4,0
1076,91140205,10,166,0,0.00,2,11,155,0.93,0.07,0.04,5,3,M,3,5,2,1,4,0
472,91199405,10,7,2,0.29,8,0,5,0.71,0.00,0.17,6,1,M,3,3,5,4,4,0
196,91229449,10,128,64,0.50,2,14,50,0.39,0.11,0.16,0,2,F,3,4,2,1,1,1
1086,91380455,10,16,3,0.19,3,1,12,0.75,0.06,0.19,2,4,F,3,5,4,3,5,0
476,91405515,10,177,5,0.03,4,6,166,0.94,0.03,0.08,6,3,M,3,2,1,4,5,0
790,91435888,10,173,4,0.02,2,15,154,0.89,0.09,0.01,1,3,M,2,1,2,5,5,0
33,91606503,10,30,15,0.50,7,0,15,0.50,0.00,1.50,2,3,M,3,1,4,1,1,1
398,91614807,10,61,3,0.05,5,1,57,0.93,0.02,0.14,0,5,F,2,5,4,5,5,0
259,91616585,10,4,0,0.00,5,0,4,1.00,0.00,0.20,4,3,F,2,2,3,4,4,0
150,91673981,10,118,31,0.26,3,3,84,0.71,0.03,0.03,8,2,F,3,3,3,4,4,0
227,91729555,10,36,1,0.03,4,2,33,0.92,0.06,0.04,10,3,M,3,3,4,1,5,0
580,91784012,10,73,2,0.03,4,9,62,0.85,0.12,0.06,11,3,M,3,3,1,2,4,0
1118,91846251,10,64,3,0.05,5,3,58,0.91,0.05,0.12,1,5,F,3,2,2,5,4,0
307,91994541,10,25,3,0.12,2,0,22,0.88,0.00,0.40,3,3,F,2,3,4,2,4,0
661,91998590,10,74,2,0.03,3,5,67,0.91,0.07,0.04,7,4,M,3,5,3,5,4,0
819,92064701,10,113,27,0.24,3,1,85,0.75,0.01,0.16,1,4,M,2,3,2,5,5,0
322,92185866,10,27,13,0.48,2,2,12,0.44,0.07,0.07,9,5,M,3,3,3,3,5,1
622,92206540,10,127,41,0.32,3,4,82,0.65,0.03,0.19,1,3,F,2,4,5,3,5,0
1091,92287126,10,188,4,0.02,3,9,175,0.93,0.05,0.19,1,4,F,2,5,2,3,5,0
119,92299384,10,85,42,0.49,5,8,35,0.41,0.09,0.10,2,4,F,2,2,3,1,2,1
869,92343200,10,121,48,0.40,8,4,69,0.57,0.03,0.08,15,5,M,2,3,3,2,2,1
984,92356717,10,197,3,0.02,5,17,177,0.90,0.09,0.07,7,2,M,3,4,4,3,5,0
434,92543979,10,3,2,0.67,2,0,1,0.33,0.00,0.26,2,1,F,2,4,5,1,2,1
172,92621862,10,61,3,0.05,2,5,53,0.87,0.08,0.04,2,5,F,2,1,4,4,4,0
653,92633031,10,182,1,0.01,2,3,178,0.98,0.02,0.09,7,5,M,2,5,4,1,4,0
381,92667118,10,157,0,0.00,2,7,150,0.96,0.04,0.04,15,4,M,3,2,3,3,5,0
1073,92712421,10,105,27,0.26,5,9,69,0.66,0.09,0.01,8,2,M,3,1,2,4,4,0
972,92811085,10,168,2,0.01,3,11,155,0.92,0.07,0.12,8,4,F,2,2,4,2,4,0
153,92857423,10,59,19,0.32,2,2,38,0.64,0.03,0.09,2,1,F,2,3,2,3,2,1
379,92914475,10,200,51,0.26,5,22,127,0.64,0.11,0.05,0,2,F,2,4,1,4,4,0
1142,93011323,10,183,4,0.02,2,8,171,0.93,0.04,0.06,9,5,M,1,4,5,1,4,0
360,93029198,10,163,11,0.07,8,0,152,0.93,0.00,0.12,0,4,M,2,5,4,1,5,0
8,93142064,10,4,0,0.00,4,0,4,1.00,0.00,0.01,11,3,F,1,3,4,2,5,0
36,93186445,10,192,54,0.28,5,15,123,0.64,0.08,0.16,2,4,F,3,3,5,2,5,0
199,93228128,10,192,96,0.50,5,0,96,0.50,0.00,0.05,3,5,M,2,4,1,3,1,1
966,93424106,10,86,21,0.24,2,1,64,0.74,0.01,0.51,3,3,M,2,2,5,1,5,0
997,93445780,10,76,25,0.33,4,1,50,0.66,0.01,0.06,1,1,M,2,2,4,4,1,1
1082,93448157,10,185,1,0.01,3,18,166,0.90,0.10,0.17,15,5,F,2,2,1,2,4,0
268,93465081,10,136,33,0.24,2,6,97,0.71,0.04,0.11,0,5,F,1,5,5,2,4,0
47,93831505,10,200,21,0.11,4,7,172,0.86,0.04,0.04,15,5,F,3,5,5,1,5,0
502,94093766,10,106,70,0.66,4,2,34,0.32,0.02,0.09,6,5,M,1,1,4,2,2,1
263,94159002,10,197,0,0.00,3,7,190,0.96,0.04,0.05,3,4,M,2,4,1,3,4,0
106,94174509,10,166,83,0.50,6,17,66,0.40,0.10,0.05,3,1,F,3,2,2,1,1,1
1005,94197944,10,15,2,0.13,2,0,13,0.87,0.00,0.10,4,4,F,3,1,4,5,4,0
420,94319722,10,124,5,0.04,5,7,112,0.90,0.06,1.07,6,4,M,2,2,1,5,4,0
791,94592555,10,126,35,0.28,3,8,83,0.66,0.06,0.25,4,1,M,3,1,5,4,4,0
980,94647162,10,76,3,0.04,7,10,63,0.83,0.13,1.00,3,2,M,3,3,5,2,5,0
763,94844559,10,146,5,0.03,2,7,134,0.92,0.05,0.18,7,5,F,2,2,3,4,5,0
720,94961655,10,58,19,0.33,6,5,34,0.59,0.09,0.06,2,4,F,2,3,2,5,1,1
164,95119383,10,101,4,0.04,8,12,85,0.84,0.12,0.07,0,1,F,2,1,4,4,5,0
846,95220696,10,184,59,0.32,4,6,119,0.65,0.03,0.14,2,4,M,3,4,3,4,5,0
544,95256550,10,191,9,0.05,6,16,166,0.87,0.08,0.03,4,2,M,2,2,5,3,4,0
1051,95306179,10,103,1,0.01,5,0,102,0.99,0.00,0.08,5,1,F,2,5,1,4,4,0
973,95449297,10,95,24,0.25,2,6,65,0.68,0.06,0.27,0,1,F,3,1,5,4,1,0
223,95458690,10,106,16,0.15,7,2,88,0.83,0.02,0.63,0,4,M,1,4,2,2,3,0
1102,95566411,10,168,84,0.50,4,18,66,0.39,0.11,0.09,4,4,M,2,2,4,1,5,1
450,95708186,10,6,1,0.17,5,0,5,0.83,0.00,0.05,1,1,M,3,5,1,4,3,0
629,95727831,10,72,28,0.39,5,5,39,0.54,0.07,0.07,4,1,F,1,4,3,2,5,1
160,95741784,10,129,0,0.00,4,7,122,0.95,0.05,0.09,6,3,F,1,5,3,1,5,0
412,95924308,8,105,0,0.00,3,2,103,0.98,0.02,0.43,10,5,M,1,1,3,3,5,0
723,95957092,8,44,5,0.11,2,7,32,0.73,0.16,0.20,2,3,M,2,2,2,1,1,0
546,96180989,8,64,5,0.08,5,4,55,0.86,0.06,0.49,7,4,M,2,5,1,2,1,0
905,96207337,8,146,58,0.40,4,20,68,0.47,0.14,0.09,6,5,M,2,3,2,2,1,1
877,96282051,8,117,0,0.00,3,18,99,0.85,0.15,0.03,1,4,M,1,3,3,2,1,0
95,96459006,8,66,11,0.17,9,6,49,0.74,0.09,0.04,9,3,M,2,3,2,1,5,1
943,96492283,8,99,0,0.00,2,12,87,0.88,0.12,0.02,10,1,M,3,3,3,2,5,0
683,96561853,8,117,11,0.09,2,16,90,0.77,0.14,0.22,11,1,M,1,2,2,4,2,0
930,96569609,8,23,5,0.22,5,0,18,0.78,0.00,0.16,4,5,M,2,4,5,2,3,0
382,96602129,8,25,11,0.44,9,2,12,0.48,0.08,0.04,9,4,M,1,3,3,1,1,0
681,96789564,8,121,5,0.04,2,25,91,0.75,0.21,0.08,0,4,M,1,1,5,5,3,0
1054,96806635,8,65,26,0.40,9,9,30,0.46,0.14,0.03,3,4,M,1,5,5,3,1,0
909,96865699,8,119,0,0.00,4,32,87,0.73,0.27,0.07,5,2,M,1,3,5,5,3,0
414,96913899,8,113,5,0.04,4,17,91,0.81,0.15,0.38,15,5,M,2,4,3,1,2,0
1130,96941496,8,67,25,0.37,4,10,32,0.48,0.15,0.37,8,4,M,2,3,2,1,1,0
113,96957151,8,120,5,0.04,2,10,105,0.88,0.08,0.03,11,2,M,2,3,4,3,3,0
93,97017545,8,17,2,0.12,6,2,13,0.76,0.12,0.20,8,1,M,2,4,3,3,2,0
1131,97100598,8,39,27,0.69,3,1,11,0.28,0.03,0.24,10,3,M,2,3,3,1,1,0
62,97121362,8,19,0,0.00,2,2,17,0.89,0.11,0.12,6,5,M,2,2,5,3,2,0
918,97173962,8,118,11,0.09,2,28,79,0.67,0.24,0.18,4,3,M,3,2,1,1,4,0
1141,97260851,8,77,0,0.00,3,2,75,0.97,0.03,0.15,5,5,M,2,4,3,3,4,0
454,97458592,8,118,56,0.47,2,17,45,0.38,0.14,0.02,8,5,F,2,5,2,1,5,0
22,97467511,8,106,5,0.05,3,8,93,0.88,0.08,0.17,1,4,M,2,4,1,2,4,0
342,97589501,8,55,0,0.00,7,12,43,0.78,0.22,0.25,10,2,F,2,1,4,3,4,0
529,97847934,8,83,0,0.00,4,24,59,0.71,0.29,0.11,8,1,F,2,2,1,5,1,0
535,97872299,8,116,11,0.09,3,10,95,0.82,0.09,0.05,14,3,M,2,5,5,1,2,0
538,97962438,8,81,2,0.02,2,11,68,0.84,0.14,0.09,5,5,F,2,2,4,4,4,0
205,98124197,10,87,3,0.03,5,5,79,0.91,0.06,0.05,0,5,F,3,5,1,5,5,0
648,98134207,10,84,13,0.15,5,4,67,0.80,0.05,0.03,2,2,M,2,5,2,5,3,1
696,98322175,10,191,0,0.00,2,11,180,0.94,0.06,0.04,5,2,M,1,4,2,1,5,0
1015,98662292,10,77,38,0.49,6,11,28,0.36,0.14,0.02,7,2,F,1,2,4,2,1,1
21,98770410,10,102,40,0.39,5,12,50,0.49,0.12,0.01,5,4,F,2,2,2,2,3,1
587,98804179,10,93,26,0.28,3,3,64,0.69,0.03,0.32,5,5,M,1,1,2,3,3,0
282,98865351,10,51,2,0.04,3,3,46,0.90,0.06,0.04,5,4,M,2,5,3,5,2,0
741,98911653,10,190,95,0.50,3,15,80,0.42,0.08,0.18,14,3,M,2,3,5,1,2,1
16,98914933,10,187,93,0.50,8,1,93,0.50,0.01,0.12,7,2,F,2,2,5,1,4,1
654,98967604,10,121,60,0.50,2,5,56,0.46,0.04,0.11,1,2,F,2,5,1,1,2,1
359,99002476,10,54,21,0.39,2,1,32,0.59,0.02,0.04,2,4,F,2,1,2,1,1,1
1144,99063858,10,128,42,0.33,5,0,86,0.67,0.00,0.17,5,2,M,1,3,3,3,2,1
1002,99177627,9,182,4,0.02,2,23,155,0.85,0.13,1.31,6,5,F,1,1,3,2,4,0
912,99380010,9,71,28,0.39,4,4,39,0.55,0.06,0.14,9,5,M,2,1,3,3,1,1
1099,99383125,9,182,91,0.50,4,5,86,0.47,0.03,0.02,8,2,M,2,3,4,1,2,1
965,99431394,9,157,4,0.03,8,18,135,0.86,0.11,0.11,0,1,M,3,3,1,3,4,0
935,99465870,9,41,5,0.12,2,6,30,0.73,0.15,0.31,1,3,F,1,2,3,3,5,0
964,99477105,9,152,6,0.04,3,16,130,0.86,0.11,0.27,8,3,F,1,1,4,5,4,0
187,99491305,9,194,97,0.50,2,13,84,0.43,0.07,0.13,9,3,F,2,2,1,2,1,1
611,99670177,9,123,4,0.03,7,16,103,0.84,0.13,0.15,3,2,M,1,4,3,5,4,0
1031,99784271,9,55,36,0.65,7,0,19,0.35,0.00,0.14,4,3,M,3,5,4,5,2,1
634,99956131,9,192,3,0.02,4,22,167,0.87,0.11,0.02,10,3,F,1,3,1,3,4,0
